-- phpMyAdmin SQL Dump
-- version 4.5.0.2
-- http://www.phpmyadmin.net
--
-- Client :  127.0.0.1
-- Généré le :  Mer 29 Mars 2017 à 10:19
-- Version du serveur :  10.0.17-MariaDB
-- Version de PHP :  5.6.14

SET SQL_MODE = "NO_AUTO_VALUE_ON_ZERO";
SET time_zone = "+00:00";


/*!40101 SET @OLD_CHARACTER_SET_CLIENT=@@CHARACTER_SET_CLIENT */;
/*!40101 SET @OLD_CHARACTER_SET_RESULTS=@@CHARACTER_SET_RESULTS */;
/*!40101 SET @OLD_COLLATION_CONNECTION=@@COLLATION_CONNECTION */;
/*!40101 SET NAMES utf8mb4 */;

--
-- Base de données :  `consc_testing`
--

-- --------------------------------------------------------

--
-- Structure de la table `affiliated`
--

CREATE TABLE `affiliated` (
  `au_id` int(10) UNSIGNED NOT NULL,
  `in_id` int(10) UNSIGNED NOT NULL,
  `type` set('professor','student','researcher','engineer') COLLATE utf8_unicode_ci NOT NULL,
  `title` varchar(200) COLLATE utf8_unicode_ci NOT NULL
) ENGINE=InnoDB DEFAULT CHARSET=utf8 COLLATE=utf8_unicode_ci;

--
-- RELATIONS POUR LA TABLE `affiliated`:
--

--
-- Contenu de la table `affiliated`
--

INSERT INTO `affiliated` (`au_id`, `in_id`, `type`, `title`) VALUES
(36, 1, 'professor', 'professor of management of information technology (1984), head of electrical engineering and Gabor professor of neural systems engineering (1988), emeritus professor (2004)'),
(36, 4, 'engineer', ''),
(36, 5, 'professor', 'lecturer'),
(36, 6, 'professor', 'reader'),
(50, 0, '', ''),
(50, 2, 'researcher', '');

-- --------------------------------------------------------

--
-- Structure de la table `authors`
--

CREATE TABLE `authors` (
  `id` int(10) UNSIGNED NOT NULL,
  `scopus_author_id` bigint(20) UNSIGNED NOT NULL,
  `name` varchar(99) COLLATE utf8_unicode_ci NOT NULL,
  `first_name` varchar(24) CHARACTER SET utf8 NOT NULL,
  `last_name` varchar(24) CHARACTER SET utf8 NOT NULL,
  `h-index-gsc` int(10) UNSIGNED DEFAULT NULL,
  `h-index-scopus` int(10) UNSIGNED DEFAULT NULL,
  `scopus_document-count` int(11) NOT NULL,
  `scopus_years_active_start` year(4) NOT NULL,
  `scopus_years_active_end` year(4) NOT NULL
) ENGINE=InnoDB DEFAULT CHARSET=utf8 COLLATE=utf8_unicode_ci;

--
-- RELATIONS POUR LA TABLE `authors`:
--

--
-- Contenu de la table `authors`
--

INSERT INTO `authors` (`id`, `scopus_author_id`, `name`, `first_name`, `last_name`, `h-index-gsc`, `h-index-scopus`, `scopus_document-count`, `scopus_years_active_start`, `scopus_years_active_end`) VALUES
(1, 34969259400, 'C. G. Hales', 'Colin G', 'Hales', 2, 1, 8, 2009, 2014),
(2, 7402657185, 'C. M. Koch', 'Christof M', 'Koch', 110, 80, 289, 1982, 2015),
(3, 7006294703, 'G. Tononi', 'Giulio', 'Tononi', NULL, NULL, 244, 1988, 2015),
(4, 16231088400, 'M. Oizumi', 'Masafumi', 'Oizumi', NULL, NULL, 15, 2007, 2014),
(5, 26667568400, 'L. Albantakis', 'Larissa', 'Albantakis', NULL, NULL, 9, 2009, 2014),
(7, 7102125350, 'P. Schweizer', 'Paul', 'Schweizer', NULL, NULL, 13, 1987, 2014),
(8, 6507687409, 'P. O. Haikonen', 'Pentti O', 'Haikonen', NULL, 5, 18, 1994, 2014),
(9, 26421079400, 'R. Arrabales', 'Raul', 'Arrabales', NULL, 5, 16, 2009, 2014),
(10, 6507061932, 'A. Ledezma', 'Agapito', 'Ledezma', NULL, NULL, 63, 2001, 2015),
(11, 7004052541, 'A. Sanchis', 'Araceli', 'Sanchis', NULL, NULL, 108, 1994, 2015),
(14, 6701809259, 'A. Sloman', 'Aaron', 'Sloman', NULL, NULL, 48, 1971, 2014),
(15, 7003896725, 'S. I. Ahson', 'Syed I', 'Ahson', NULL, 6, 18, 1976, 2010),
(16, 8707306300, 'A. Buller', 'Andrzej', 'Buller', NULL, 4, 14, 1993, 2009),
(22, 16440544600, 'D. E. Klemm', 'David E', 'Klemm', NULL, 4, 5, 1989, 2009),
(23, 6701881882, 'W. H. Klink', 'William H', 'Klink', NULL, 12, 44, 1964, 2014),
(24, 7102156170, 'E. T. Rolls', 'Edmund T', 'Rolls', NULL, 102, 292, 1969, 2015),
(26, 6603550196, 'R. Rzepka', 'Rafal', 'Rzepka', NULL, 5, 66, 2003, 2015),
(27, 56489581600, 'K. Araki', 'Kenji', 'Araki', NULL, 11, 2, 2014, 2015),
(28, 35569005900, 'J. Takeno', 'Junichi', 'Takeno', NULL, 4, 35, 1991, 2014),
(36, 56213128400, 'I. Aleksander', 'Igor', 'Aleksander', NULL, 9, 46, 1964, 2014),
(37, 11043654100, 'B. Dunmall', 'Barry', 'Dunmall', NULL, 3, 3, 2000, 2003),
(38, 7004118158, 'S. Bringsjord', 'Selmer', 'Bringsjord', NULL, 7, 0, 0000, 0000),
(39, 24823912300, 'Paul F. Bello', 'Paul F', 'Bello', NULL, 5, 24, 2001, 2014),
(40, 6603110431, 'David A. Ferrucci', 'David A', 'Ferrucci', NULL, 10, 15, 1998, 2013),
(41, 26643216300, 'S. Harnard', 'Stevan', 'Harnard', NULL, 20, 89, 1984, 2013),
(42, 35562825400, 'A. Chella', 'Antonio', 'Chella', 14, 11, 128, 1991, 2014),
(43, 56019604800, 'R. Manzotti', 'Riccardo', 'Manzotti', 11, 5, 34, 1995, 2014),
(44, 24824921000, 'C. Marcarelli', 'Catherine', 'Marcarelli', NULL, NULL, 2, 2007, 2009),
(45, 6701792423, 'J. L. McKinstry', 'Jeffrey L', 'McKinstry', NULL, 5, 11, 1997, 2013),
(47, 9736168000, 'K. Inaba', 'Keita', 'Inaba', NULL, 2, 2, 2005, 2005),
(48, 0, 'T. Suzuki', 'Tohru', 'Suzuki', NULL, 0, 0, 0000, 0000),
(50, 13105239600, 'H. Morton', 'Helen B', 'Morton', NULL, 5, 14, 1987, 2014),
(51, 15762485400, 'D. Gamez', 'David', 'Gamez', NULL, 6, 26, 2003, 2014),
(52, 6701318494, 'B. N. Goertzel', 'Ben', 'Goertzel', NULL, 9, 127, 1992, 2014),
(53, 24349971300, 'Alan M. Turing', 'Alan M', 'Turing', NULL, NULL, 0, 0000, 0000);

-- --------------------------------------------------------

--
-- Structure de la table `authors_side`
--

CREATE TABLE `authors_side` (
  `id` int(10) UNSIGNED NOT NULL DEFAULT '0',
  `scopus_author_id` bigint(20) UNSIGNED NOT NULL,
  `name` varchar(99) COLLATE utf8_unicode_ci NOT NULL,
  `first_name` varchar(24) CHARACTER SET utf8 NOT NULL,
  `last_name` varchar(24) CHARACTER SET utf8 NOT NULL,
  `h-index-gsc` int(10) UNSIGNED DEFAULT NULL,
  `h-index-scopus` int(10) UNSIGNED DEFAULT NULL,
  `scopus_document-count` int(11) NOT NULL,
  `scopus_years_active_start` year(4) NOT NULL,
  `scopus_years_active_end` year(4) NOT NULL
) ENGINE=InnoDB DEFAULT CHARSET=utf8 COLLATE=utf8_unicode_ci;

--
-- RELATIONS POUR LA TABLE `authors_side`:
--

--
-- Contenu de la table `authors_side`
--

INSERT INTO `authors_side` (`id`, `scopus_author_id`, `name`, `first_name`, `last_name`, `h-index-gsc`, `h-index-scopus`, `scopus_document-count`, `scopus_years_active_start`, `scopus_years_active_end`) VALUES
(12, 0, 'S. Dehaene', '', '', NULL, NULL, 0, 0000, 0000),
(13, 0, 'J. P. Changeux', '', '', NULL, NULL, 0, 0000, 0000),
(17, 0, 'Floridi', '', '', NULL, NULL, 0, 0000, 0000),
(18, 0, 'Taddeo', '', '', NULL, NULL, 0, 0000, 0000),
(19, 0, 'Turilli', '', '', NULL, NULL, 0, 0000, 0000),
(21, 0, 'Laureys', '', '', NULL, NULL, 0, 0000, 0000),
(25, 0, 'N. Block', 'Ned', 'Block', NULL, NULL, 0, 0000, 0000),
(29, 0, 'I. Keita', '', '', NULL, NULL, 0, 0000, 0000),
(30, 0, 'S. Tohru', '', '', NULL, NULL, 0, 0000, 0000),
(31, 0, 'B. J. Baars', '', '', NULL, NULL, 0, 0000, 0000),
(32, 0, 'N. M. Gage', '', '', NULL, NULL, 0, 0000, 0000);

-- --------------------------------------------------------

--
-- Structure de la table `author_asjc`
--

CREATE TABLE `author_asjc` (
  `au_id` int(10) UNSIGNED NOT NULL,
  `code` int(11) NOT NULL,
  `frequency` int(11) NOT NULL
) ENGINE=InnoDB DEFAULT CHARSET=utf8 COLLATE=utf8_unicode_ci;

--
-- RELATIONS POUR LA TABLE `author_asjc`:
--   `au_id`
--       `authors` -> `id`
--   `code`
--       `scopus_asjc` -> `code`
--

-- --------------------------------------------------------

--
-- Structure de la table `author_bg`
--

CREATE TABLE `author_bg` (
  `author_id` int(10) UNSIGNED NOT NULL,
  `id` smallint(5) UNSIGNED NOT NULL,
  `type` enum('phd','post-doc','assistant professor','professor','researcher','other/unknown') COLLATE utf8_unicode_ci NOT NULL,
  `date_start` year(4) DEFAULT NULL,
  `date_end` year(4) DEFAULT NULL
) ENGINE=InnoDB DEFAULT CHARSET=utf8 COLLATE=utf8_unicode_ci;

--
-- RELATIONS POUR LA TABLE `author_bg`:
--   `author_id`
--       `authors` -> `id`
--

--
-- Contenu de la table `author_bg`
--

INSERT INTO `author_bg` (`author_id`, `id`, `type`, `date_start`, `date_end`) VALUES
(36, 0, 'assistant professor', 1961, 1968),
(36, 1, 'professor', 1968, 1984),
(36, 2, 'professor', 1984, 2015),
(48, 1, 'phd', NULL, NULL),
(50, 0, 'researcher', NULL, NULL),
(50, 1, 'other/unknown', NULL, NULL);

-- --------------------------------------------------------

--
-- Structure de la table `author_bg-field`
--

CREATE TABLE `author_bg-field` (
  `author_id` int(10) UNSIGNED NOT NULL,
  `author_bg_id` smallint(5) UNSIGNED NOT NULL,
  `subj_area` int(11) NOT NULL,
  `field_id` int(10) UNSIGNED NOT NULL
) ENGINE=InnoDB DEFAULT CHARSET=utf8 COLLATE=utf8_unicode_ci COMMENT='author_bg_field';

--
-- RELATIONS POUR LA TABLE `author_bg-field`:
--   `field_id`
--       `field` -> `id`
--   `author_id`
--       `author_bg` -> `author_id`
--   `author_bg_id`
--       `author_bg` -> `id`
--

--
-- Contenu de la table `author_bg-field`
--

INSERT INTO `author_bg-field` (`author_id`, `author_bg_id`, `subj_area`, `field_id`) VALUES
(50, 0, 0, 2),
(50, 1, 0, 3);

-- --------------------------------------------------------

--
-- Structure de la table `author_sapa`
--

CREATE TABLE `author_sapa` (
  `scopus_author_id` bigint(20) UNSIGNED NOT NULL,
  `first_name` varchar(24) CHARACTER SET utf8 NOT NULL,
  `last_name` varchar(24) CHARACTER SET utf8 NOT NULL,
  `scopus_subject_area_id` int(10) UNSIGNED NOT NULL,
  `abbrev` varchar(5) COLLATE utf8_unicode_ci NOT NULL,
  `name` varchar(200) COLLATE utf8_unicode_ci NOT NULL,
  `ratio` decimal(14,4) UNSIGNED DEFAULT NULL
) ENGINE=InnoDB DEFAULT CHARSET=utf8 COLLATE=utf8_unicode_ci;

--
-- RELATIONS POUR LA TABLE `author_sapa`:
--

--
-- Contenu de la table `author_sapa`
--

INSERT INTO `author_sapa` (`scopus_author_id`, `first_name`, `last_name`, `scopus_subject_area_id`, `abbrev`, `name`, `ratio`) VALUES
(34969259400, 'Colin G', 'Hales', 2204, 'ENGI', 'Biomedical Engineering', '0.6000'),
(34969259400, 'Colin G', 'Hales', 2800, 'NEUR', 'Neuroscience (all)', '0.2000'),
(34969259400, 'Colin G', 'Hales', 2718, 'MEDI', 'Health Informatics', '0.6000'),
(34969259400, 'Colin G', 'Hales', 3201, 'PSYC', 'Psychology (miscellaneous)', '0.2000'),
(34969259400, 'Colin G', 'Hales', 2804, 'NEUR', 'Cellular and Molecular Neuroscience', '0.2000'),
(34969259400, 'Colin G', 'Hales', 2700, 'MEDI', 'Medicine (all)', '0.2000'),
(34969259400, 'Colin G', 'Hales', 2801, 'NEUR', 'Neuroscience (miscellaneous)', '0.2000'),
(34969259400, 'Colin G', 'Hales', 2805, 'NEUR', 'Cognitive Neuroscience', '0.6000'),
(34969259400, 'Colin G', 'Hales', 2806, 'NEUR', 'Developmental Neuroscience', '0.2000'),
(34969259400, 'Colin G', 'Hales', 3205, 'PSYC', 'Experimental and Cognitive Psychology', '0.4000'),
(34969259400, 'Colin G', 'Hales', 1711, 'COMP', 'Signal Processing', '0.6000'),
(34969259400, 'Colin G', 'Hales', 1707, 'COMP', 'Computer Vision and Pattern Recognition', '0.6000'),
(34969259400, 'Colin G', 'Hales', 1702, 'COMP', 'Artificial Intelligence', '1.0000'),
(34969259400, 'Colin G', 'Hales', 1105, 'AGRI', 'Ecology, Evolution, Behavior and Systematics', '0.2000'),
(34969259400, 'Colin G', 'Hales', 1211, 'ARTS', 'Philosophy', '0.6000'),
(7402657185, 'Christof M', 'Koch', 3104, 'PHYS', 'Condensed Matter Physics', '0.0687'),
(7402657185, 'Christof M', 'Koch', 2611, 'MATH', 'Modeling and Simulation', '0.0687'),
(7402657185, 'Christof M', 'Koch', 2737, 'MEDI', 'Physiology (medical)', '0.0076'),
(7402657185, 'Christof M', 'Koch', 3205, 'PSYC', 'Experimental and Cognitive Psychology', '0.1374'),
(7402657185, 'Christof M', 'Koch', 1305, 'BIOC', 'Biotechnology', '0.0076'),
(7402657185, 'Christof M', 'Koch', 3202, 'PSYC', 'Applied Psychology', '0.0229'),
(7402657185, 'Christof M', 'Koch', 2303, 'ENVI', 'Ecology', '0.0534'),
(7402657185, 'Christof M', 'Koch', 3100, 'PHYS', 'Physics and Astronomy (all)', '0.0076'),
(7402657185, 'Christof M', 'Koch', 1910, 'EART', 'Oceanography', '0.0076'),
(7402657185, 'Christof M', 'Koch', 2746, 'MEDI', 'Surgery', '0.0076'),
(7402657185, 'Christof M', 'Koch', 1706, 'COMP', 'Computer Science Applications', '0.0076'),
(7402657185, 'Christof M', 'Koch', 1201, 'ARTS', 'Arts and Humanities (miscellaneous)', '0.0153'),
(7402657185, 'Christof M', 'Koch', 2403, 'IMMU', 'Immunology', '0.0153'),
(7402657185, 'Christof M', 'Koch', 2700, 'MEDI', 'Medicine (all)', '0.0992'),
(7402657185, 'Christof M', 'Koch', 1709, 'COMP', 'Human-Computer Interaction', '0.0076'),
(7402657185, 'Christof M', 'Koch', 2400, 'IMMU', 'Immunology and Microbiology (all)', '0.0076'),
(7402657185, 'Christof M', 'Koch', 1313, 'BIOC', 'Molecular Medicine', '0.0076'),
(7402657185, 'Christof M', 'Koch', 3310, 'SOCI', 'Linguistics and Language', '0.0076'),
(7402657185, 'Christof M', 'Koch', 1307, 'BIOC', 'Cell Biology', '0.0611'),
(7402657185, 'Christof M', 'Koch', 2604, 'MATH', 'Applied Mathematics', '0.0229'),
(7402657185, 'Christof M', 'Koch', 1304, 'BIOC', 'Biophysics', '0.0229'),
(7402657185, 'Christof M', 'Koch', 2801, 'NEUR', 'Neuroscience (miscellaneous)', '0.0153'),
(7402657185, 'Christof M', 'Koch', 3206, 'PSYC', 'Neuropsychology and Physiological Psychology', '0.0687'),
(7402657185, 'Christof M', 'Koch', 2738, 'MEDI', 'Psychiatry and Mental Health', '0.0153'),
(7402657185, 'Christof M', 'Koch', 3316, 'SOCI', 'Cultural Studies', '0.0153'),
(7402657185, 'Christof M', 'Koch', 1300, 'BIOC', 'Biochemistry, Genetics and Molecular Biology (all)', '0.0763'),
(7402657185, 'Christof M', 'Koch', 1000, 'MULT', 'Multidisciplinary', '0.4885'),
(7402657185, 'Christof M', 'Koch', 2804, 'NEUR', 'Cellular and Molecular Neuroscience', '0.0916'),
(7402657185, 'Christof M', 'Koch', 2208, 'ENGI', 'Electrical and Electronic Engineering', '0.2672'),
(7402657185, 'Christof M', 'Koch', 1705, 'COMP', 'Computer Networks and Communications', '0.1221'),
(7402657185, 'Christof M', 'Koch', 1710, 'COMP', 'Information Systems', '0.1298'),
(7402657185, 'Christof M', 'Koch', 1312, 'BIOC', 'Molecular Biology', '0.0916'),
(7402657185, 'Christof M', 'Koch', 2808, 'NEUR', 'Neurology', '0.0382'),
(7402657185, 'Christof M', 'Koch', 1708, 'COMP', 'Hardware and Architecture', '0.0840'),
(7402657185, 'Christof M', 'Koch', 2809, 'NEUR', 'Sensory Systems', '0.3053'),
(7402657185, 'Christof M', 'Koch', 1406, 'BUSI', 'Marketing', '0.0076'),
(7402657185, 'Christof M', 'Koch', 2800, 'NEUR', 'Neuroscience (all)', '1.0000'),
(7402657185, 'Christof M', 'Koch', 1200, 'ARTS', 'Arts and Humanities (all)', '0.0229'),
(7402657185, 'Christof M', 'Koch', 1100, 'AGRI', 'Agricultural and Biological Sciences (all)', '0.1527'),
(7402657185, 'Christof M', 'Koch', 1700, 'COMP', 'Computer Science (all)', '0.0153'),
(7402657185, 'Christof M', 'Koch', 1303, 'BIOC', 'Biochemistry', '0.0382'),
(7402657185, 'Christof M', 'Koch', 2504, 'MATE', 'Electronic, Optical and Magnetic Materials', '0.0611'),
(7402657185, 'Christof M', 'Koch', 1704, 'COMP', 'Computer Graphics and Computer-Aided Design', '0.0229'),
(7402657185, 'Christof M', 'Koch', 3315, 'SOCI', 'Communication', '0.0076'),
(7402657185, 'Christof M', 'Koch', 2613, 'MATH', 'Statistics and Probability', '0.0076'),
(7402657185, 'Christof M', 'Koch', 2716, 'MEDI', 'Genetics (clinical)', '0.0076'),
(7402657185, 'Christof M', 'Koch', 1712, 'COMP', 'Software', '0.0687'),
(7402657185, 'Christof M', 'Koch', 2200, 'ENGI', 'Engineering (all)', '0.0611'),
(7402657185, 'Christof M', 'Koch', 1707, 'COMP', 'Computer Vision and Pattern Recognition', '0.1679'),
(7402657185, 'Christof M', 'Koch', 2002, 'ECON', 'Economics and Econometrics', '0.0153'),
(7402657185, 'Christof M', 'Koch', 2731, 'MEDI', 'Ophthalmology', '0.5191'),
(7402657185, 'Christof M', 'Koch', 3312, 'SOCI', 'Sociology and Political Science', '0.0153'),
(7402657185, 'Christof M', 'Koch', 3200, 'PSYC', 'Psychology (all)', '0.0687'),
(7402657185, 'Christof M', 'Koch', 1101, 'AGRI', 'Agricultural and Biological Sciences (miscellaneous)', '0.0458'),
(7402657185, 'Christof M', 'Koch', 2803, 'NEUR', 'Biological Psychiatry', '0.0153'),
(7402657185, 'Christof M', 'Koch', 1311, 'BIOC', 'Genetics', '0.2366'),
(7402657185, 'Christof M', 'Koch', 1502, 'CENG', 'Bioengineering', '0.0153'),
(7402657185, 'Christof M', 'Koch', 1203, 'ARTS', 'Language and Linguistics', '0.0076'),
(7402657185, 'Christof M', 'Koch', 2207, 'ENGI', 'Control and Systems Engineering', '0.2901'),
(7402657185, 'Christof M', 'Koch', 2728, 'MEDI', 'Neurology (clinical)', '0.0153'),
(7402657185, 'Christof M', 'Koch', 2614, 'MATH', 'Theoretical Computer Science', '0.0229'),
(7402657185, 'Christof M', 'Koch', 2500, 'MATE', 'Materials Science (all)', '0.0153'),
(7402657185, 'Christof M', 'Koch', 3002, 'PHAR', 'Drug Discovery', '0.0076'),
(7402657185, 'Christof M', 'Koch', 1105, 'AGRI', 'Ecology, Evolution, Behavior and Systematics', '0.0687'),
(7402657185, 'Christof M', 'Koch', 2720, 'MEDI', 'Hematology', '0.0305'),
(7402657185, 'Christof M', 'Koch', 1711, 'COMP', 'Signal Processing', '0.2061'),
(7402657185, 'Christof M', 'Koch', 1703, 'COMP', 'Computational Theory and Mathematics', '0.0687'),
(7402657185, 'Christof M', 'Koch', 1309, 'BIOC', 'Developmental Biology', '0.0076'),
(7402657185, 'Christof M', 'Koch', 1314, 'BIOC', 'Physiology', '0.1145'),
(7402657185, 'Christof M', 'Koch', 2805, 'NEUR', 'Cognitive Neuroscience', '0.1603'),
(7402657185, 'Christof M', 'Koch', 1702, 'COMP', 'Artificial Intelligence', '0.2977'),
(7402657185, 'Christof M', 'Koch', 1800, 'DECI', 'Decision Sciences (all)', '0.0153'),
(7402657185, 'Christof M', 'Koch', 2210, 'ENGI', 'Mechanical Engineering', '0.0153'),
(7402657185, 'Christof M', 'Koch', 3309, 'SOCI', 'Library and Information Sciences', '0.0076'),
(7402657185, 'Christof M', 'Koch', 3107, 'PHYS', 'Atomic and Molecular Physics, and Optics', '0.0229'),
(7402657185, 'Christof M', 'Koch', 3204, 'PSYC', 'Developmental and Educational Psychology', '0.0076'),
(7402657185, 'Christof M', 'Koch', 2802, 'NEUR', 'Behavioral Neuroscience', '0.0534'),
(7402657185, 'Christof M', 'Koch', 1600, 'CHEM', 'Chemistry (all)', '0.0153'),
(7006294703, 'Giulio', 'Tononi', 1110, 'AGRI', 'Plant Science', '0.0098'),
(7006294703, 'Giulio', 'Tononi', 3614, 'HEAL', 'Radiological and Ultrasound Technology', '0.0196'),
(7006294703, 'Giulio', 'Tononi', 1706, 'COMP', 'Computer Science Applications', '0.0196'),
(7006294703, 'Giulio', 'Tononi', 1207, 'ARTS', 'History and Philosophy of Science', '0.0098'),
(7006294703, 'Giulio', 'Tononi', 2207, 'ENGI', 'Control and Systems Engineering', '0.0196'),
(7006294703, 'Giulio', 'Tononi', 2611, 'MATH', 'Modeling and Simulation', '0.1176'),
(7006294703, 'Giulio', 'Tononi', 2802, 'NEUR', 'Behavioral Neuroscience', '0.0686'),
(7006294703, 'Giulio', 'Tononi', 1310, 'BIOC', 'Endocrinology', '0.0196'),
(7006294703, 'Giulio', 'Tononi', 2806, 'NEUR', 'Developmental Neuroscience', '0.0098'),
(7006294703, 'Giulio', 'Tononi', 2733, 'MEDI', 'Otorhinolaryngology', '0.0784'),
(7006294703, 'Giulio', 'Tononi', 2741, 'MEDI', 'Radiology, Nuclear Medicine and Imaging', '0.0196'),
(7006294703, 'Giulio', 'Tononi', 2703, 'MEDI', 'Anesthesiology and Pain Medicine', '0.0294'),
(7006294703, 'Giulio', 'Tononi', 1200, 'ARTS', 'Arts and Humanities (all)', '0.0196'),
(7006294703, 'Giulio', 'Tononi', 3002, 'PHAR', 'Drug Discovery', '0.0294'),
(7006294703, 'Giulio', 'Tononi', 1309, 'BIOC', 'Developmental Biology', '0.0294'),
(7006294703, 'Giulio', 'Tononi', 2200, 'ENGI', 'Engineering (all)', '0.0098'),
(7006294703, 'Giulio', 'Tononi', 3203, 'PSYC', 'Clinical Psychology', '0.0294'),
(7006294703, 'Giulio', 'Tononi', 3200, 'PSYC', 'Psychology (all)', '0.0490'),
(7006294703, 'Giulio', 'Tononi', 1707, 'COMP', 'Computer Vision and Pattern Recognition', '0.0098'),
(7006294703, 'Giulio', 'Tononi', 2805, 'NEUR', 'Cognitive Neuroscience', '0.1863'),
(7006294703, 'Giulio', 'Tononi', 1703, 'COMP', 'Computational Theory and Mathematics', '0.1078'),
(7006294703, 'Giulio', 'Tononi', 2800, 'NEUR', 'Neuroscience (all)', '1.0000'),
(7006294703, 'Giulio', 'Tononi', 2614, 'MATH', 'Theoretical Computer Science', '0.0098'),
(7006294703, 'Giulio', 'Tononi', 2809, 'NEUR', 'Sensory Systems', '0.0294'),
(7006294703, 'Giulio', 'Tononi', 2206, 'ENGI', 'Computational Mechanics', '0.0392'),
(7006294703, 'Giulio', 'Tononi', 2731, 'MEDI', 'Ophthalmology', '0.0490'),
(7006294703, 'Giulio', 'Tononi', 2737, 'MEDI', 'Physiology (medical)', '0.1667'),
(7006294703, 'Giulio', 'Tononi', 3500, 'DENT', 'Dentistry (all)', '0.0490'),
(7006294703, 'Giulio', 'Tononi', 2803, 'NEUR', 'Biological Psychiatry', '0.0392'),
(7006294703, 'Giulio', 'Tononi', 2740, 'MEDI', 'Pulmonary and Respiratory Medicine', '0.0588'),
(7006294703, 'Giulio', 'Tononi', 1700, 'COMP', 'Computer Science (all)', '0.0098'),
(7006294703, 'Giulio', 'Tononi', 2808, 'NEUR', 'Neurology', '0.2647'),
(7006294703, 'Giulio', 'Tononi', 3206, 'PSYC', 'Neuropsychology and Physiological Psychology', '0.0294'),
(7006294703, 'Giulio', 'Tononi', 3612, 'HEAL', 'Physical Therapy, Sports Therapy and Rehabilitation', '0.0098'),
(7006294703, 'Giulio', 'Tononi', 1305, 'BIOC', 'Biotechnology', '0.0098'),
(7006294703, 'Giulio', 'Tononi', 1000, 'MULT', 'Multidisciplinary', '0.4020'),
(7006294703, 'Giulio', 'Tononi', 2728, 'MEDI', 'Neurology (clinical)', '0.4216'),
(7006294703, 'Giulio', 'Tononi', 1303, 'BIOC', 'Biochemistry', '0.0490'),
(7006294703, 'Giulio', 'Tononi', 3004, 'PHAR', 'Pharmacology', '0.0392'),
(7006294703, 'Giulio', 'Tononi', 1712, 'COMP', 'Software', '0.0490'),
(7006294703, 'Giulio', 'Tononi', 2613, 'MATH', 'Statistics and Probability', '0.0098'),
(7006294703, 'Giulio', 'Tononi', 2718, 'MEDI', 'Health Informatics', '0.0098'),
(7006294703, 'Giulio', 'Tononi', 2804, 'NEUR', 'Cellular and Molecular Neuroscience', '0.2647'),
(7006294703, 'Giulio', 'Tononi', 1308, 'BIOC', 'Clinical Biochemistry', '0.0098'),
(7006294703, 'Giulio', 'Tononi', 2732, 'MEDI', 'Orthopedics and Sports Medicine', '0.0098'),
(7006294703, 'Giulio', 'Tononi', 2700, 'MEDI', 'Medicine (all)', '0.4510'),
(7006294703, 'Giulio', 'Tononi', 2738, 'MEDI', 'Psychiatry and Mental Health', '0.1863'),
(7006294703, 'Giulio', 'Tononi', 1100, 'AGRI', 'Agricultural and Biological Sciences (all)', '0.1471'),
(7006294703, 'Giulio', 'Tononi', 1307, 'BIOC', 'Cell Biology', '0.0980'),
(7006294703, 'Giulio', 'Tononi', 3301, 'SOCI', 'Social Sciences (miscellaneous)', '0.0098'),
(7006294703, 'Giulio', 'Tononi', 3205, 'PSYC', 'Experimental and Cognitive Psychology', '0.0392'),
(7006294703, 'Giulio', 'Tononi', 1312, 'BIOC', 'Molecular Biology', '0.1373'),
(7006294703, 'Giulio', 'Tononi', 2801, 'NEUR', 'Neuroscience (miscellaneous)', '0.0196'),
(7006294703, 'Giulio', 'Tononi', 1300, 'BIOC', 'Biochemistry, Genetics and Molecular Biology (all)', '0.1373'),
(7006294703, 'Giulio', 'Tononi', 1304, 'BIOC', 'Biophysics', '0.0196'),
(7006294703, 'Giulio', 'Tononi', 3000, 'PHAR', 'Pharmacology, Toxicology and Pharmaceutics (all)', '0.0098'),
(7006294703, 'Giulio', 'Tononi', 1708, 'COMP', 'Hardware and Architecture', '0.0098'),
(7006294703, 'Giulio', 'Tononi', 2303, 'ENVI', 'Ecology', '0.1078'),
(7006294703, 'Giulio', 'Tononi', 2400, 'IMMU', 'Immunology and Microbiology (all)', '0.0098'),
(7006294703, 'Giulio', 'Tononi', 2604, 'MATH', 'Applied Mathematics', '0.0098'),
(7006294703, 'Giulio', 'Tononi', 3320, 'SOCI', 'Political Science and International Relations', '0.0098'),
(7006294703, 'Giulio', 'Tononi', 2736, 'MEDI', 'Pharmacology (medical)', '0.0098'),
(7006294703, 'Giulio', 'Tononi', 1105, 'AGRI', 'Ecology, Evolution, Behavior and Systematics', '0.1373'),
(7006294703, 'Giulio', 'Tononi', 1502, 'CENG', 'Bioengineering', '0.0098'),
(7006294703, 'Giulio', 'Tononi', 1201, 'ARTS', 'Arts and Humanities (miscellaneous)', '0.0588'),
(7006294703, 'Giulio', 'Tononi', 2208, 'ENGI', 'Electrical and Electronic Engineering', '0.0098'),
(7006294703, 'Giulio', 'Tononi', 1702, 'COMP', 'Artificial Intelligence', '0.0490'),
(7006294703, 'Giulio', 'Tononi', 2600, 'MATH', 'Mathematics (all)', '0.0098'),
(7006294703, 'Giulio', 'Tononi', 3312, 'SOCI', 'Sociology and Political Science', '0.0098'),
(7006294703, 'Giulio', 'Tononi', 1314, 'BIOC', 'Physiology', '0.3333'),
(7006294703, 'Giulio', 'Tononi', 1311, 'BIOC', 'Genetics', '0.2353'),
(7006294703, 'Giulio', 'Tononi', 2204, 'ENGI', 'Biomedical Engineering', '0.0392'),
(7006294703, 'Giulio', 'Tononi', 1315, 'BIOC', 'Structural Biology', '0.0098'),
(7006294703, 'Giulio', 'Tononi', 1711, 'COMP', 'Signal Processing', '0.0098'),
(7006294703, 'Giulio', 'Tononi', 3316, 'SOCI', 'Cultural Studies', '0.0098'),
(7006294703, 'Giulio', 'Tononi', 2742, 'MEDI', 'Rehabilitation', '0.0196'),
(16231088400, 'Masafumi', 'Oizumi', 3104, 'PHYS', 'Condensed Matter Physics', '0.3333'),
(16231088400, 'Masafumi', 'Oizumi', 1105, 'AGRI', 'Ecology, Evolution, Behavior and Systematics', '0.1667'),
(16231088400, 'Masafumi', 'Oizumi', 2613, 'MATH', 'Statistics and Probability', '0.3333'),
(16231088400, 'Masafumi', 'Oizumi', 2804, 'NEUR', 'Cellular and Molecular Neuroscience', '0.6667'),
(16231088400, 'Masafumi', 'Oizumi', 2611, 'MATH', 'Modeling and Simulation', '0.1667'),
(16231088400, 'Masafumi', 'Oizumi', 1703, 'COMP', 'Computational Theory and Mathematics', '0.1667'),
(16231088400, 'Masafumi', 'Oizumi', 2800, 'NEUR', 'Neuroscience (all)', '0.1667'),
(16231088400, 'Masafumi', 'Oizumi', 1100, 'AGRI', 'Agricultural and Biological Sciences (all)', '0.3333'),
(16231088400, 'Masafumi', 'Oizumi', 2801, 'NEUR', 'Neuroscience (miscellaneous)', '0.5000'),
(16231088400, 'Masafumi', 'Oizumi', 1300, 'BIOC', 'Biochemistry, Genetics and Molecular Biology (all)', '0.3333'),
(16231088400, 'Masafumi', 'Oizumi', 1312, 'BIOC', 'Molecular Biology', '0.1667'),
(16231088400, 'Masafumi', 'Oizumi', 2700, 'MEDI', 'Medicine (all)', '0.3333'),
(16231088400, 'Masafumi', 'Oizumi', 3109, 'PHYS', 'Statistical and Nonlinear Physics', '0.3333'),
(16231088400, 'Masafumi', 'Oizumi', 3100, 'PHYS', 'Physics and Astronomy (all)', '1.0000'),
(16231088400, 'Masafumi', 'Oizumi', 2303, 'ENVI', 'Ecology', '0.1667'),
(16231088400, 'Masafumi', 'Oizumi', 1311, 'BIOC', 'Genetics', '0.1667'),
(16231088400, 'Masafumi', 'Oizumi', 1710, 'COMP', 'Information Systems', '0.1667'),
(26667568400, 'Larissa', 'Albantakis', 1100, 'AGRI', 'Agricultural and Biological Sciences (all)', '0.2500'),
(26667568400, 'Larissa', 'Albantakis', 1312, 'BIOC', 'Molecular Biology', '1.0000'),
(26667568400, 'Larissa', 'Albantakis', 1311, 'BIOC', 'Genetics', '1.0000'),
(26667568400, 'Larissa', 'Albantakis', 2611, 'MATH', 'Modeling and Simulation', '1.0000'),
(26667568400, 'Larissa', 'Albantakis', 2804, 'NEUR', 'Cellular and Molecular Neuroscience', '1.0000'),
(26667568400, 'Larissa', 'Albantakis', 1300, 'BIOC', 'Biochemistry, Genetics and Molecular Biology (all)', '0.2500'),
(26667568400, 'Larissa', 'Albantakis', 1000, 'MULT', 'Multidisciplinary', '0.5000'),
(26667568400, 'Larissa', 'Albantakis', 2700, 'MEDI', 'Medicine (all)', '0.2500'),
(26667568400, 'Larissa', 'Albantakis', 2303, 'ENVI', 'Ecology', '1.0000'),
(26667568400, 'Larissa', 'Albantakis', 1105, 'AGRI', 'Ecology, Evolution, Behavior and Systematics', '1.0000'),
(26667568400, 'Larissa', 'Albantakis', 2800, 'NEUR', 'Neuroscience (all)', '0.5000'),
(26667568400, 'Larissa', 'Albantakis', 3200, 'PSYC', 'Psychology (all)', '0.2500'),
(26667568400, 'Larissa', 'Albantakis', 1703, 'COMP', 'Computational Theory and Mathematics', '1.0000'),
(7405408905, 'John G', 'Taylor', 1100, 'AGRI', 'Agricultural and Biological Sciences (all)', '0.0294'),
(7405408905, 'John G', 'Taylor', 1201, 'ARTS', 'Arts and Humanities (miscellaneous)', '0.0098'),
(7405408905, 'John G', 'Taylor', 2728, 'MEDI', 'Neurology (clinical)', '0.0098'),
(7405408905, 'John G', 'Taylor', 2609, 'MATH', 'Logic', '0.0098'),
(7405408905, 'John G', 'Taylor', 1702, 'COMP', 'Artificial Intelligence', '1.0000'),
(7405408905, 'John G', 'Taylor', 2613, 'MATH', 'Statistics and Probability', '0.0196'),
(7405408905, 'John G', 'Taylor', 1802, 'DECI', 'Information Systems and Management', '0.0098'),
(7405408905, 'John G', 'Taylor', 1103, 'AGRI', 'Animal Science and Zoology', '0.0098'),
(7405408905, 'John G', 'Taylor', 1304, 'BIOC', 'Biophysics', '0.1275'),
(7405408905, 'John G', 'Taylor', 2604, 'MATH', 'Applied Mathematics', '0.0490'),
(7405408905, 'John G', 'Taylor', 3100, 'PHYS', 'Physics and Astronomy (all)', '0.8431'),
(7405408905, 'John G', 'Taylor', 3305, 'SOCI', 'Geography, Planning and Development', '0.0098'),
(7405408905, 'John G', 'Taylor', 3322, 'SOCI', 'Urban Studies', '0.0098'),
(7405408905, 'John G', 'Taylor', 3204, 'PSYC', 'Developmental and Educational Psychology', '0.0098'),
(7405408905, 'John G', 'Taylor', 1705, 'COMP', 'Computer Networks and Communications', '0.0098'),
(7405408905, 'John G', 'Taylor', 1000, 'MULT', 'Multidisciplinary', '0.0882'),
(7405408905, 'John G', 'Taylor', 2808, 'NEUR', 'Neurology', '0.1863'),
(7405408905, 'John G', 'Taylor', 1708, 'COMP', 'Hardware and Architecture', '0.0882'),
(7405408905, 'John G', 'Taylor', 2801, 'NEUR', 'Neuroscience (miscellaneous)', '0.0098'),
(7405408905, 'John G', 'Taylor', 2201, 'ENGI', 'Engineering (miscellaneous)', '0.0098'),
(7405408905, 'John G', 'Taylor', 3002, 'PHAR', 'Drug Discovery', '0.0098'),
(7405408905, 'John G', 'Taylor', 3200, 'PSYC', 'Psychology (all)', '0.0196'),
(7405408905, 'John G', 'Taylor', 1211, 'ARTS', 'Philosophy', '0.0490'),
(7405408905, 'John G', 'Taylor', 3109, 'PHYS', 'Statistical and Nonlinear Physics', '0.3529'),
(7405408905, 'John G', 'Taylor', 1300, 'BIOC', 'Biochemistry, Genetics and Molecular Biology (all)', '0.1863'),
(7405408905, 'John G', 'Taylor', 1202, 'ARTS', 'History', '0.0098'),
(7405408905, 'John G', 'Taylor', 3614, 'HEAL', 'Radiological and Ultrasound Technology', '0.0392'),
(7405408905, 'John G', 'Taylor', 2804, 'NEUR', 'Cellular and Molecular Neuroscience', '0.0784'),
(7405408905, 'John G', 'Taylor', 2208, 'ENGI', 'Electrical and Electronic Engineering', '0.1961'),
(7405408905, 'John G', 'Taylor', 3107, 'PHYS', 'Atomic and Molecular Physics, and Optics', '0.0490'),
(7405408905, 'John G', 'Taylor', 3312, 'SOCI', 'Sociology and Political Science', '0.0196'),
(7405408905, 'John G', 'Taylor', 3103, 'PHYS', 'Astronomy and Astrophysics', '0.0392'),
(7405408905, 'John G', 'Taylor', 1709, 'COMP', 'Human-Computer Interaction', '0.0294'),
(7405408905, 'John G', 'Taylor', 3303, 'SOCI', 'Development', '0.0098'),
(7405408905, 'John G', 'Taylor', 2207, 'ENGI', 'Control and Systems Engineering', '0.0490'),
(7405408905, 'John G', 'Taylor', 2805, 'NEUR', 'Cognitive Neuroscience', '0.5196'),
(7405408905, 'John G', 'Taylor', 3320, 'SOCI', 'Political Science and International Relations', '0.0098'),
(7405408905, 'John G', 'Taylor', 1800, 'DECI', 'Decision Sciences (all)', '0.0098'),
(7405408905, 'John G', 'Taylor', 3101, 'PHYS', 'Physics and Astronomy (miscellaneous)', '0.0784'),
(7405408905, 'John G', 'Taylor', 1409, 'BUSI', 'Tourism, Leisure and Hospitality Management', '0.0098'),
(7405408905, 'John G', 'Taylor', 3106, 'PHYS', 'Nuclear and High Energy Physics', '0.6863'),
(7405408905, 'John G', 'Taylor', 1711, 'COMP', 'Signal Processing', '0.0294'),
(7405408905, 'John G', 'Taylor', 2610, 'MATH', 'Mathematical Physics', '0.3235'),
(7405408905, 'John G', 'Taylor', 3104, 'PHYS', 'Condensed Matter Physics', '0.0196'),
(7405408905, 'John G', 'Taylor', 1804, 'DECI', 'Statistics, Probability and Uncertainty', '0.0098'),
(7405408905, 'John G', 'Taylor', 1105, 'AGRI', 'Ecology, Evolution, Behavior and Systematics', '0.0294'),
(7405408905, 'John G', 'Taylor', 1703, 'COMP', 'Computational Theory and Mathematics', '0.0882'),
(7405408905, 'John G', 'Taylor', 1706, 'COMP', 'Computer Science Applications', '0.1569'),
(7405408905, 'John G', 'Taylor', 3400, 'VETE', 'Veterinary (all)', '0.0098'),
(7405408905, 'John G', 'Taylor', 2600, 'MATH', 'Mathematics (all)', '0.0294'),
(7405408905, 'John G', 'Taylor', 2800, 'NEUR', 'Neuroscience (all)', '0.7255'),
(7405408905, 'John G', 'Taylor', 2700, 'MEDI', 'Medicine (all)', '0.0098'),
(7405408905, 'John G', 'Taylor', 2802, 'NEUR', 'Behavioral Neuroscience', '0.0392'),
(7405408905, 'John G', 'Taylor', 2738, 'MEDI', 'Psychiatry and Mental Health', '0.0098'),
(7405408905, 'John G', 'Taylor', 3205, 'PSYC', 'Experimental and Cognitive Psychology', '0.0980'),
(7405408905, 'John G', 'Taylor', 2204, 'ENGI', 'Biomedical Engineering', '0.0196'),
(7405408905, 'John G', 'Taylor', 2741, 'MEDI', 'Radiology, Nuclear Medicine and Imaging', '0.0294'),
(7405408905, 'John G', 'Taylor', 1305, 'BIOC', 'Biotechnology', '0.0098'),
(7405408905, 'John G', 'Taylor', 3300, 'SOCI', 'Social Sciences (all)', '0.0196'),
(7405408905, 'John G', 'Taylor', 1700, 'COMP', 'Computer Science (all)', '0.2451'),
(7405408905, 'John G', 'Taylor', 3612, 'HEAL', 'Physical Therapy, Sports Therapy and Rehabilitation', '0.0098'),
(7405408905, 'John G', 'Taylor', 1707, 'COMP', 'Computer Vision and Pattern Recognition', '0.0882'),
(7405408905, 'John G', 'Taylor', 1605, 'CHEM', 'Organic Chemistry', '0.1176'),
(7405408905, 'John G', 'Taylor', 1314, 'BIOC', 'Physiology', '0.0098'),
(7405408905, 'John G', 'Taylor', 1710, 'COMP', 'Information Systems', '0.0098'),
(7405408905, 'John G', 'Taylor', 2200, 'ENGI', 'Engineering (all)', '0.1373'),
(7405408905, 'John G', 'Taylor', 2614, 'MATH', 'Theoretical Computer Science', '0.2647'),
(7405408905, 'John G', 'Taylor', 3201, 'PSYC', 'Psychology (miscellaneous)', '0.0392'),
(7405408905, 'John G', 'Taylor', 1712, 'COMP', 'Software', '0.4020'),
(7102125350, 'Paul', 'Schweizer', 2614, 'MATH', 'Theoretical Computer Science', '0.1000'),
(7102125350, 'Paul', 'Schweizer', 1705, 'COMP', 'Computer Networks and Communications', '0.1000'),
(7102125350, 'Paul', 'Schweizer', 1211, 'ARTS', 'Philosophy', '0.7000'),
(7102125350, 'Paul', 'Schweizer', 1703, 'COMP', 'Computational Theory and Mathematics', '0.3000'),
(7102125350, 'Paul', 'Schweizer', 1212, 'ARTS', 'Religious Studies', '0.2000'),
(7102125350, 'Paul', 'Schweizer', 2805, 'NEUR', 'Cognitive Neuroscience', '0.1000'),
(7102125350, 'Paul', 'Schweizer', 1706, 'COMP', 'Computer Science Applications', '0.1000'),
(7102125350, 'Paul', 'Schweizer', 1712, 'COMP', 'Software', '0.1000'),
(7102125350, 'Paul', 'Schweizer', 2611, 'MATH', 'Modeling and Simulation', '0.1000'),
(7102125350, 'Paul', 'Schweizer', 1707, 'COMP', 'Computer Vision and Pattern Recognition', '0.1000'),
(7102125350, 'Paul', 'Schweizer', 2609, 'MATH', 'Logic', '0.2000'),
(7102125350, 'Paul', 'Schweizer', 1700, 'COMP', 'Computer Science (all)', '0.1000'),
(7102125350, 'Paul', 'Schweizer', 1702, 'COMP', 'Artificial Intelligence', '1.0000'),
(7102125350, 'Paul', 'Schweizer', 3300, 'SOCI', 'Social Sciences (all)', '0.1000'),
(7102125350, 'Paul', 'Schweizer', 1604, 'CHEM', 'Inorganic Chemistry', '0.1000'),
(6507687409, 'Pentti O', 'Haikonen', 2200, 'ENGI', 'Engineering (all)', '0.2857'),
(6507687409, 'Pentti O', 'Haikonen', 3201, 'PSYC', 'Psychology (miscellaneous)', '0.1429'),
(6507687409, 'Pentti O', 'Haikonen', 1707, 'COMP', 'Computer Vision and Pattern Recognition', '0.7143'),
(6507687409, 'Pentti O', 'Haikonen', 1708, 'COMP', 'Hardware and Architecture', '0.1429'),
(6507687409, 'Pentti O', 'Haikonen', 1706, 'COMP', 'Computer Science Applications', '0.7143'),
(6507687409, 'Pentti O', 'Haikonen', 1211, 'ARTS', 'Philosophy', '0.1429'),
(6507687409, 'Pentti O', 'Haikonen', 1305, 'BIOC', 'Biotechnology', '0.1429'),
(6507687409, 'Pentti O', 'Haikonen', 2504, 'MATE', 'Electronic, Optical and Magnetic Materials', '0.1429'),
(6507687409, 'Pentti O', 'Haikonen', 1702, 'COMP', 'Artificial Intelligence', '1.0000'),
(6507687409, 'Pentti O', 'Haikonen', 3300, 'SOCI', 'Social Sciences (all)', '0.1429'),
(6507687409, 'Pentti O', 'Haikonen', 1502, 'CENG', 'Bioengineering', '0.1429'),
(6507687409, 'Pentti O', 'Haikonen', 1712, 'COMP', 'Software', '0.2857'),
(6507687409, 'Pentti O', 'Haikonen', 2805, 'NEUR', 'Cognitive Neuroscience', '0.7143'),
(6507687409, 'Pentti O', 'Haikonen', 2208, 'ENGI', 'Electrical and Electronic Engineering', '0.2857'),
(6507687409, 'Pentti O', 'Haikonen', 2207, 'ENGI', 'Control and Systems Engineering', '0.1429'),
(6507687409, 'Pentti O', 'Haikonen', 1709, 'COMP', 'Human-Computer Interaction', '0.1429'),
(6507687409, 'Pentti O', 'Haikonen', 1700, 'COMP', 'Computer Science (all)', '0.1429'),
(26421079400, 'Raul', 'Arrabales', 3201, 'PSYC', 'Psychology (miscellaneous)', '0.0909'),
(26421079400, 'Raul', 'Arrabales', 2207, 'ENGI', 'Control and Systems Engineering', '0.1818'),
(26421079400, 'Raul', 'Arrabales', 1300, 'BIOC', 'Biochemistry, Genetics and Molecular Biology (all)', '0.0909'),
(26421079400, 'Raul', 'Arrabales', 3300, 'SOCI', 'Social Sciences (all)', '0.0909'),
(26421079400, 'Raul', 'Arrabales', 1312, 'BIOC', 'Molecular Biology', '0.0909'),
(26421079400, 'Raul', 'Arrabales', 3200, 'PSYC', 'Psychology (all)', '0.0909'),
(26421079400, 'Raul', 'Arrabales', 2200, 'ENGI', 'Engineering (all)', '0.1818'),
(26421079400, 'Raul', 'Arrabales', 1702, 'COMP', 'Artificial Intelligence', '1.0000'),
(26421079400, 'Raul', 'Arrabales', 1706, 'COMP', 'Computer Science Applications', '0.1818'),
(26421079400, 'Raul', 'Arrabales', 1704, 'COMP', 'Computer Graphics and Computer-Aided Design', '0.0909'),
(26421079400, 'Raul', 'Arrabales', 1710, 'COMP', 'Information Systems', '0.1818'),
(26421079400, 'Raul', 'Arrabales', 1211, 'ARTS', 'Philosophy', '0.0909'),
(26421079400, 'Raul', 'Arrabales', 1709, 'COMP', 'Human-Computer Interaction', '0.0909'),
(26421079400, 'Raul', 'Arrabales', 1703, 'COMP', 'Computational Theory and Mathematics', '0.0909'),
(26421079400, 'Raul', 'Arrabales', 1105, 'AGRI', 'Ecology, Evolution, Behavior and Systematics', '0.0909'),
(26421079400, 'Raul', 'Arrabales', 1700, 'COMP', 'Computer Science (all)', '0.2727'),
(26421079400, 'Raul', 'Arrabales', 2700, 'MEDI', 'Medicine (all)', '0.0909'),
(26421079400, 'Raul', 'Arrabales', 1712, 'COMP', 'Software', '0.1818'),
(6507061932, 'Agapito', 'Ledezma', 1705, 'COMP', 'Computer Networks and Communications', '0.1200'),
(6507061932, 'Agapito', 'Ledezma', 2200, 'ENGI', 'Engineering (all)', '0.1200'),
(6507061932, 'Agapito', 'Ledezma', 1703, 'COMP', 'Computational Theory and Mathematics', '0.2400'),
(6507061932, 'Agapito', 'Ledezma', 1712, 'COMP', 'Software', '0.4400'),
(6507061932, 'Agapito', 'Ledezma', 2614, 'MATH', 'Theoretical Computer Science', '0.7600'),
(6507061932, 'Agapito', 'Ledezma', 1710, 'COMP', 'Information Systems', '0.4000'),
(6507061932, 'Agapito', 'Ledezma', 1305, 'BIOC', 'Biotechnology', '0.0400'),
(6507061932, 'Agapito', 'Ledezma', 1802, 'DECI', 'Information Systems and Management', '0.0400'),
(6507061932, 'Agapito', 'Ledezma', 2207, 'ENGI', 'Control and Systems Engineering', '0.2800'),
(6507061932, 'Agapito', 'Ledezma', 1708, 'COMP', 'Hardware and Architecture', '0.2000'),
(6507061932, 'Agapito', 'Ledezma', 2611, 'MATH', 'Modeling and Simulation', '0.0800'),
(6507061932, 'Agapito', 'Ledezma', 1704, 'COMP', 'Computer Graphics and Computer-Aided Design', '0.0400'),
(6507061932, 'Agapito', 'Ledezma', 2606, 'MATH', 'Control and Optimization', '0.0800'),
(6507061932, 'Agapito', 'Ledezma', 1702, 'COMP', 'Artificial Intelligence', '1.0000'),
(6507061932, 'Agapito', 'Ledezma', 1211, 'ARTS', 'Philosophy', '0.0400'),
(6507061932, 'Agapito', 'Ledezma', 1300, 'BIOC', 'Biochemistry, Genetics and Molecular Biology (all)', '0.2000'),
(6507061932, 'Agapito', 'Ledezma', 1700, 'COMP', 'Computer Science (all)', '0.8800'),
(6507061932, 'Agapito', 'Ledezma', 1105, 'AGRI', 'Ecology, Evolution, Behavior and Systematics', '0.0400'),
(6507061932, 'Agapito', 'Ledezma', 1312, 'BIOC', 'Molecular Biology', '0.0400'),
(6507061932, 'Agapito', 'Ledezma', 3201, 'PSYC', 'Psychology (miscellaneous)', '0.0400'),
(6507061932, 'Agapito', 'Ledezma', 1707, 'COMP', 'Computer Vision and Pattern Recognition', '0.0800'),
(6507061932, 'Agapito', 'Ledezma', 1711, 'COMP', 'Signal Processing', '0.0400'),
(6507061932, 'Agapito', 'Ledezma', 2208, 'ENGI', 'Electrical and Electronic Engineering', '0.0400'),
(6507061932, 'Agapito', 'Ledezma', 1706, 'COMP', 'Computer Science Applications', '0.3600'),
(6507061932, 'Agapito', 'Ledezma', 1709, 'COMP', 'Human-Computer Interaction', '0.0400'),
(6507061932, 'Agapito', 'Ledezma', 2700, 'MEDI', 'Medicine (all)', '0.0800'),
(7004052541, 'Araceli', 'Sanchis', 1702, 'COMP', 'Artificial Intelligence', '1.0000'),
(7004052541, 'Araceli', 'Sanchis', 2800, 'NEUR', 'Neuroscience (all)', '0.0250'),
(7004052541, 'Araceli', 'Sanchis', 1300, 'BIOC', 'Biochemistry, Genetics and Molecular Biology (all)', '0.1250'),
(7004052541, 'Araceli', 'Sanchis', 1706, 'COMP', 'Computer Science Applications', '0.4000'),
(7004052541, 'Araceli', 'Sanchis', 1703, 'COMP', 'Computational Theory and Mathematics', '0.3500'),
(7004052541, 'Araceli', 'Sanchis', 2700, 'MEDI', 'Medicine (all)', '0.0500'),
(7004052541, 'Araceli', 'Sanchis', 2208, 'ENGI', 'Electrical and Electronic Engineering', '0.0750'),
(7004052541, 'Araceli', 'Sanchis', 2505, 'MATE', 'Materials Chemistry', '0.1500'),
(7004052541, 'Araceli', 'Sanchis', 1802, 'DECI', 'Information Systems and Management', '0.0250'),
(7004052541, 'Araceli', 'Sanchis', 1504, 'CENG', 'Chemical Health and Safety', '0.0250'),
(7004052541, 'Araceli', 'Sanchis', 1701, 'COMP', 'Computer Science (miscellaneous)', '0.0250'),
(7004052541, 'Araceli', 'Sanchis', 1708, 'COMP', 'Hardware and Architecture', '0.3250'),
(7004052541, 'Araceli', 'Sanchis', 2200, 'ENGI', 'Engineering (all)', '0.1500'),
(7004052541, 'Araceli', 'Sanchis', 2611, 'MATH', 'Modeling and Simulation', '0.0500'),
(7004052541, 'Araceli', 'Sanchis', 1705, 'COMP', 'Computer Networks and Communications', '0.1000'),
(7004052541, 'Araceli', 'Sanchis', 1312, 'BIOC', 'Molecular Biology', '0.0250'),
(7004052541, 'Araceli', 'Sanchis', 1203, 'ARTS', 'Language and Linguistics', '0.0500'),
(7004052541, 'Araceli', 'Sanchis', 1305, 'BIOC', 'Biotechnology', '0.0250'),
(7004052541, 'Araceli', 'Sanchis', 2507, 'MATE', 'Polymers and Plastics', '0.1500'),
(7004052541, 'Araceli', 'Sanchis', 2605, 'MATH', 'Computational Mathematics', '0.0500'),
(7004052541, 'Araceli', 'Sanchis', 1707, 'COMP', 'Computer Vision and Pattern Recognition', '0.0750'),
(7004052541, 'Araceli', 'Sanchis', 3107, 'PHYS', 'Atomic and Molecular Physics, and Optics', '0.0250'),
(7004052541, 'Araceli', 'Sanchis', 1602, 'CHEM', 'Analytical Chemistry', '0.0250'),
(7004052541, 'Araceli', 'Sanchis', 2606, 'MATH', 'Control and Optimization', '0.0500'),
(7004052541, 'Araceli', 'Sanchis', 3201, 'PSYC', 'Psychology (miscellaneous)', '0.0250'),
(7004052541, 'Araceli', 'Sanchis', 1710, 'COMP', 'Information Systems', '0.2500'),
(7004052541, 'Araceli', 'Sanchis', 2614, 'MATH', 'Theoretical Computer Science', '0.6000'),
(7004052541, 'Araceli', 'Sanchis', 1303, 'BIOC', 'Biochemistry', '0.0250'),
(7004052541, 'Araceli', 'Sanchis', 1700, 'COMP', 'Computer Science (all)', '0.6750'),
(7004052541, 'Araceli', 'Sanchis', 1709, 'COMP', 'Human-Computer Interaction', '0.0750'),
(7004052541, 'Araceli', 'Sanchis', 1605, 'CHEM', 'Organic Chemistry', '0.0500'),
(7004052541, 'Araceli', 'Sanchis', 1803, 'DECI', 'Management Science and Operations Research', '0.0500'),
(7004052541, 'Araceli', 'Sanchis', 2207, 'ENGI', 'Control and Systems Engineering', '0.5000'),
(7004052541, 'Araceli', 'Sanchis', 2213, 'ENGI', 'Safety, Risk, Reliability and Quality', '0.0250'),
(7004052541, 'Araceli', 'Sanchis', 3310, 'SOCI', 'Linguistics and Language', '0.0500'),
(7004052541, 'Araceli', 'Sanchis', 1712, 'COMP', 'Software', '0.5250'),
(7004052541, 'Araceli', 'Sanchis', 1704, 'COMP', 'Computer Graphics and Computer-Aided Design', '0.0750'),
(7004052541, 'Araceli', 'Sanchis', 1711, 'COMP', 'Signal Processing', '0.0250'),
(7004052541, 'Araceli', 'Sanchis', 1105, 'AGRI', 'Ecology, Evolution, Behavior and Systematics', '0.0250'),
(7004052541, 'Araceli', 'Sanchis', 1211, 'ARTS', 'Philosophy', '0.0250'),
(7004052541, 'Araceli', 'Sanchis', 2206, 'ENGI', 'Computational Mechanics', '0.0250'),
(6701809259, 'Aaron', 'Sloman', 3204, 'PSYC', 'Developmental and Educational Psychology', '0.1053'),
(6701809259, 'Aaron', 'Sloman', 2611, 'MATH', 'Modeling and Simulation', '0.0526'),
(6701809259, 'Aaron', 'Sloman', 1712, 'COMP', 'Software', '0.3158'),
(6701809259, 'Aaron', 'Sloman', 1700, 'COMP', 'Computer Science (all)', '0.3158'),
(6701809259, 'Aaron', 'Sloman', 1105, 'AGRI', 'Ecology, Evolution, Behavior and Systematics', '0.0526'),
(6701809259, 'Aaron', 'Sloman', 1404, 'BUSI', 'Management Information Systems', '0.0526'),
(6701809259, 'Aaron', 'Sloman', 1710, 'COMP', 'Information Systems', '0.0526'),
(6701809259, 'Aaron', 'Sloman', 2614, 'MATH', 'Theoretical Computer Science', '0.3158'),
(6701809259, 'Aaron', 'Sloman', 2208, 'ENGI', 'Electrical and Electronic Engineering', '0.0526'),
(6701809259, 'Aaron', 'Sloman', 1802, 'DECI', 'Information Systems and Management', '0.0526'),
(6701809259, 'Aaron', 'Sloman', 3300, 'SOCI', 'Social Sciences (all)', '0.1579'),
(6701809259, 'Aaron', 'Sloman', 1000, 'MULT', 'Multidisciplinary', '0.0526'),
(6701809259, 'Aaron', 'Sloman', 2802, 'NEUR', 'Behavioral Neuroscience', '0.1053'),
(6701809259, 'Aaron', 'Sloman', 1203, 'ARTS', 'Language and Linguistics', '0.0526'),
(6701809259, 'Aaron', 'Sloman', 1703, 'COMP', 'Computational Theory and Mathematics', '0.2105'),
(6701809259, 'Aaron', 'Sloman', 1300, 'BIOC', 'Biochemistry, Genetics and Molecular Biology (all)', '0.1053'),
(6701809259, 'Aaron', 'Sloman', 3201, 'PSYC', 'Psychology (miscellaneous)', '0.0526'),
(6701809259, 'Aaron', 'Sloman', 3310, 'SOCI', 'Linguistics and Language', '0.0526'),
(6701809259, 'Aaron', 'Sloman', 1103, 'AGRI', 'Animal Science and Zoology', '0.0526'),
(6701809259, 'Aaron', 'Sloman', 1702, 'COMP', 'Artificial Intelligence', '1.0000'),
(6701809259, 'Aaron', 'Sloman', 1314, 'BIOC', 'Physiology', '0.0526'),
(6701809259, 'Aaron', 'Sloman', 2200, 'ENGI', 'Engineering (all)', '0.5263'),
(6701809259, 'Aaron', 'Sloman', 2207, 'ENGI', 'Control and Systems Engineering', '0.2105'),
(6701809259, 'Aaron', 'Sloman', 3205, 'PSYC', 'Experimental and Cognitive Psychology', '0.1053'),
(6701809259, 'Aaron', 'Sloman', 2506, 'MATE', 'Metals and Alloys', '0.0526'),
(6701809259, 'Aaron', 'Sloman', 1502, 'CENG', 'Bioengineering', '0.1053'),
(6701809259, 'Aaron', 'Sloman', 2805, 'NEUR', 'Cognitive Neuroscience', '0.2105'),
(6701809259, 'Aaron', 'Sloman', 1708, 'COMP', 'Hardware and Architecture', '0.1579'),
(6701809259, 'Aaron', 'Sloman', 3206, 'PSYC', 'Neuropsychology and Physiological Psychology', '0.1053'),
(6701809259, 'Aaron', 'Sloman', 1200, 'ARTS', 'Arts and Humanities (all)', '0.1053'),
(6701809259, 'Aaron', 'Sloman', 1312, 'BIOC', 'Molecular Biology', '0.1579'),
(6701809259, 'Aaron', 'Sloman', 2800, 'NEUR', 'Neuroscience (all)', '0.1053'),
(6701809259, 'Aaron', 'Sloman', 1305, 'BIOC', 'Biotechnology', '0.1053'),
(6701809259, 'Aaron', 'Sloman', 2604, 'MATH', 'Applied Mathematics', '0.0526'),
(6701809259, 'Aaron', 'Sloman', 1704, 'COMP', 'Computer Graphics and Computer-Aided Design', '0.1053'),
(6701809259, 'Aaron', 'Sloman', 1211, 'ARTS', 'Philosophy', '0.0526'),
(6701809259, 'Aaron', 'Sloman', 3200, 'PSYC', 'Psychology (all)', '0.2632'),
(7003896725, 'Syed I', 'Ahson', 1504, 'CENG', 'Chemical Health and Safety', '0.1250'),
(7003896725, 'Syed I', 'Ahson', 1802, 'DECI', 'Information Systems and Management', '0.0625'),
(7003896725, 'Syed I', 'Ahson', 2603, 'MATH', 'Analysis', '0.0625'),
(7003896725, 'Syed I', 'Ahson', 2208, 'ENGI', 'Electrical and Electronic Engineering', '0.6875'),
(7003896725, 'Syed I', 'Ahson', 1702, 'COMP', 'Artificial Intelligence', '0.0625'),
(7003896725, 'Syed I', 'Ahson', 2102, 'ENER', 'Energy Engineering and Power Technology', '0.1875'),
(7003896725, 'Syed I', 'Ahson', 3105, 'PHYS', 'Instrumentation', '0.1250'),
(7003896725, 'Syed I', 'Ahson', 1401, 'BUSI', 'Business, Management and Accounting (miscellaneous)', '0.0625'),
(7003896725, 'Syed I', 'Ahson', 3315, 'SOCI', 'Communication', '0.1250'),
(7003896725, 'Syed I', 'Ahson', 2611, 'MATH', 'Modeling and Simulation', '0.0625'),
(7003896725, 'Syed I', 'Ahson', 2604, 'MATH', 'Applied Mathematics', '0.1250'),
(7003896725, 'Syed I', 'Ahson', 1705, 'COMP', 'Computer Networks and Communications', '0.3750'),
(7003896725, 'Syed I', 'Ahson', 2213, 'ENGI', 'Safety, Risk, Reliability and Quality', '0.1250'),
(7003896725, 'Syed I', 'Ahson', 1712, 'COMP', 'Software', '0.2500'),
(7003896725, 'Syed I', 'Ahson', 1709, 'COMP', 'Human-Computer Interaction', '0.0625'),
(7003896725, 'Syed I', 'Ahson', 1700, 'COMP', 'Computer Science (all)', '0.3750'),
(7003896725, 'Syed I', 'Ahson', 1710, 'COMP', 'Information Systems', '0.0625'),
(7003896725, 'Syed I', 'Ahson', 1405, 'BUSI', 'Management of Technology and Innovation', '0.0625'),
(7003896725, 'Syed I', 'Ahson', 2700, 'MEDI', 'Medicine (all)', '0.0625'),
(7003896725, 'Syed I', 'Ahson', 1803, 'DECI', 'Management Science and Operations Research', '0.1875'),
(7003896725, 'Syed I', 'Ahson', 2207, 'ENGI', 'Control and Systems Engineering', '0.8125'),
(7003896725, 'Syed I', 'Ahson', 2614, 'MATH', 'Theoretical Computer Science', '0.1875'),
(7003896725, 'Syed I', 'Ahson', 1703, 'COMP', 'Computational Theory and Mathematics', '0.3750'),
(7003896725, 'Syed I', 'Ahson', 1706, 'COMP', 'Computer Science Applications', '0.1875'),
(7003896725, 'Syed I', 'Ahson', 2600, 'MATH', 'Mathematics (all)', '0.0625'),
(7003896725, 'Syed I', 'Ahson', 1711, 'COMP', 'Signal Processing', '0.1875'),
(7003896725, 'Syed I', 'Ahson', 1404, 'BUSI', 'Management Information Systems', '0.0625'),
(7003896725, 'Syed I', 'Ahson', 2200, 'ENGI', 'Engineering (all)', '1.0000'),
(8707306300, 'Andrzej', 'Buller', 1802, 'DECI', 'Information Systems and Management', '0.1667'),
(8707306300, 'Andrzej', 'Buller', 1702, 'COMP', 'Artificial Intelligence', '0.5000'),
(8707306300, 'Andrzej', 'Buller', 1700, 'COMP', 'Computer Science (all)', '1.0000'),
(8707306300, 'Andrzej', 'Buller', 2700, 'MEDI', 'Medicine (all)', '0.1667'),
(8707306300, 'Andrzej', 'Buller', 1709, 'COMP', 'Human-Computer Interaction', '0.1667'),
(8707306300, 'Andrzej', 'Buller', 1300, 'BIOC', 'Biochemistry, Genetics and Molecular Biology (all)', '0.6667'),
(8707306300, 'Andrzej', 'Buller', 2614, 'MATH', 'Theoretical Computer Science', '0.6667'),
(8707306300, 'Andrzej', 'Buller', 2200, 'ENGI', 'Engineering (all)', '0.6667'),
(8707306300, 'Andrzej', 'Buller', 2208, 'ENGI', 'Electrical and Electronic Engineering', '0.1667'),
(8707306300, 'Andrzej', 'Buller', 2207, 'ENGI', 'Control and Systems Engineering', '0.1667'),
(8707306300, 'Andrzej', 'Buller', 1706, 'COMP', 'Computer Science Applications', '0.1667'),
(16440544600, 'David E', 'Klemm', 3304, 'SOCI', 'Education', '0.5000'),
(16440544600, 'David E', 'Klemm', 3316, 'SOCI', 'Cultural Studies', '0.5000'),
(16440544600, 'David E', 'Klemm', 1208, 'ARTS', 'Literature and Literary Theory', '0.5000'),
(16440544600, 'David E', 'Klemm', 1212, 'ARTS', 'Religious Studies', '1.0000'),
(16440544600, 'David E', 'Klemm', 1211, 'ARTS', 'Philosophy', '0.2500'),
(16440544600, 'David E', 'Klemm', 3312, 'SOCI', 'Sociology and Political Science', '0.2500'),
(16440544600, 'David E', 'Klemm', 1200, 'ARTS', 'Arts and Humanities (all)', '0.5000'),
(6701881882, 'William H', 'Klink', 3100, 'PHYS', 'Physics and Astronomy (all)', '1.0000'),
(6701881882, 'William H', 'Klink', 3109, 'PHYS', 'Statistical and Nonlinear Physics', '0.3462'),
(6701881882, 'William H', 'Klink', 2608, 'MATH', 'Geometry and Topology', '0.0192'),
(6701881882, 'William H', 'Klink', 1605, 'CHEM', 'Organic Chemistry', '0.2500'),
(6701881882, 'William H', 'Klink', 3106, 'PHYS', 'Nuclear and High Energy Physics', '0.6538'),
(6701881882, 'William H', 'Klink', 3316, 'SOCI', 'Cultural Studies', '0.0192'),
(6701881882, 'William H', 'Klink', 1706, 'COMP', 'Computer Science Applications', '0.0385'),
(6701881882, 'William H', 'Klink', 2610, 'MATH', 'Mathematical Physics', '0.3654'),
(6701881882, 'William H', 'Klink', 3101, 'PHYS', 'Physics and Astronomy (miscellaneous)', '0.1538'),
(6701881882, 'William H', 'Klink', 3304, 'SOCI', 'Education', '0.0192'),
(6701881882, 'William H', 'Klink', 2602, 'MATH', 'Algebra and Number Theory', '0.0192'),
(6701881882, 'William H', 'Klink', 2600, 'MATH', 'Mathematics (all)', '0.1346'),
(6701881882, 'William H', 'Klink', 2604, 'MATH', 'Applied Mathematics', '0.0769'),
(6701881882, 'William H', 'Klink', 1212, 'ARTS', 'Religious Studies', '0.0192'),
(6701881882, 'William H', 'Klink', 3107, 'PHYS', 'Atomic and Molecular Physics, and Optics', '0.1923'),
(6701881882, 'William H', 'Klink', 2603, 'MATH', 'Analysis', '0.0769'),
(7102156170, 'Edmund T', 'Rolls', 2700, 'MEDI', 'Medicine (all)', '0.1016'),
(7102156170, 'Edmund T', 'Rolls', 2614, 'MATH', 'Theoretical Computer Science', '0.0066'),
(7102156170, 'Edmund T', 'Rolls', 1712, 'COMP', 'Software', '0.0066'),
(7102156170, 'Edmund T', 'Rolls', 2728, 'MEDI', 'Neurology (clinical)', '0.0984'),
(7102156170, 'Edmund T', 'Rolls', 2300, 'ENVI', 'Environmental Science (all)', '0.0033'),
(7102156170, 'Edmund T', 'Rolls', 2701, 'MEDI', 'Medicine (miscellaneous)', '0.0393'),
(7102156170, 'Edmund T', 'Rolls', 3003, 'PHAR', 'Pharmaceutical Science', '0.0033'),
(7102156170, 'Edmund T', 'Rolls', 3000, 'PHAR', 'Pharmacology, Toxicology and Pharmaceutics (all)', '0.0033'),
(7102156170, 'Edmund T', 'Rolls', 2303, 'ENVI', 'Ecology', '0.0131'),
(7102156170, 'Edmund T', 'Rolls', 3207, 'PSYC', 'Social Psychology', '0.0033'),
(7102156170, 'Edmund T', 'Rolls', 1103, 'AGRI', 'Animal Science and Zoology', '0.0098'),
(7102156170, 'Edmund T', 'Rolls', 1201, 'ARTS', 'Arts and Humanities (miscellaneous)', '0.0164'),
(7102156170, 'Edmund T', 'Rolls', 1900, 'EART', 'Earth and Planetary Sciences (all)', '0.0033'),
(7102156170, 'Edmund T', 'Rolls', 1804, 'DECI', 'Statistics, Probability and Uncertainty', '0.0098'),
(7102156170, 'Edmund T', 'Rolls', 1705, 'COMP', 'Computer Networks and Communications', '0.0066'),
(7102156170, 'Edmund T', 'Rolls', 1711, 'COMP', 'Signal Processing', '0.0066'),
(7102156170, 'Edmund T', 'Rolls', 1307, 'BIOC', 'Cell Biology', '0.0033'),
(7102156170, 'Edmund T', 'Rolls', 1310, 'BIOC', 'Endocrinology', '0.0066'),
(7102156170, 'Edmund T', 'Rolls', 2200, 'ENGI', 'Engineering (all)', '0.0033'),
(7102156170, 'Edmund T', 'Rolls', 1100, 'AGRI', 'Agricultural and Biological Sciences (all)', '0.0525'),
(7102156170, 'Edmund T', 'Rolls', 2611, 'MATH', 'Modeling and Simulation', '0.0131'),
(7102156170, 'Edmund T', 'Rolls', 3300, 'SOCI', 'Social Sciences (all)', '0.0033'),
(7102156170, 'Edmund T', 'Rolls', 2702, 'MEDI', 'Anatomy', '0.0066'),
(7102156170, 'Edmund T', 'Rolls', 3100, 'PHYS', 'Physics and Astronomy (all)', '0.0033'),
(7102156170, 'Edmund T', 'Rolls', 3206, 'PSYC', 'Neuropsychology and Physiological Psychology', '0.0525'),
(7102156170, 'Edmund T', 'Rolls', 1314, 'BIOC', 'Physiology', '0.1705'),
(7102156170, 'Edmund T', 'Rolls', 2741, 'MEDI', 'Radiology, Nuclear Medicine and Imaging', '0.0033'),
(7102156170, 'Edmund T', 'Rolls', 1000, 'MULT', 'Multidisciplinary', '0.0230'),
(7102156170, 'Edmund T', 'Rolls', 3109, 'PHYS', 'Statistical and Nonlinear Physics', '0.0033'),
(7102156170, 'Edmund T', 'Rolls', 2804, 'NEUR', 'Cellular and Molecular Neuroscience', '0.0557'),
(7102156170, 'Edmund T', 'Rolls', 1200, 'ARTS', 'Arts and Humanities (all)', '0.0033'),
(7102156170, 'Edmund T', 'Rolls', 2801, 'NEUR', 'Neuroscience (miscellaneous)', '0.0230'),
(7102156170, 'Edmund T', 'Rolls', 2739, 'MEDI', 'Public Health, Environmental and Occupational Health', '0.0131'),
(7102156170, 'Edmund T', 'Rolls', 1304, 'BIOC', 'Biophysics', '0.0262'),
(7102156170, 'Edmund T', 'Rolls', 1312, 'BIOC', 'Molecular Biology', '0.0754'),
(7102156170, 'Edmund T', 'Rolls', 1308, 'BIOC', 'Clinical Biochemistry', '0.0033'),
(7102156170, 'Edmund T', 'Rolls', 3004, 'PHAR', 'Pharmacology', '0.0426'),
(7102156170, 'Edmund T', 'Rolls', 2736, 'MEDI', 'Pharmacology (medical)', '0.0033'),
(7102156170, 'Edmund T', 'Rolls', 2800, 'NEUR', 'Neuroscience (all)', '1.0000'),
(7102156170, 'Edmund T', 'Rolls', 2916, 'NURS', 'Nutrition and Dietetics', '0.0164'),
(7102156170, 'Edmund T', 'Rolls', 3005, 'PHAR', 'Toxicology', '0.0033'),
(7102156170, 'Edmund T', 'Rolls', 1300, 'BIOC', 'Biochemistry, Genetics and Molecular Biology (all)', '0.0230'),
(7102156170, 'Edmund T', 'Rolls', 2802, 'NEUR', 'Behavioral Neuroscience', '0.2492'),
(7102156170, 'Edmund T', 'Rolls', 3205, 'PSYC', 'Experimental and Cognitive Psychology', '0.0492'),
(7102156170, 'Edmund T', 'Rolls', 1207, 'ARTS', 'History and Philosophy of Science', '0.0033'),
(7102156170, 'Edmund T', 'Rolls', 1101, 'AGRI', 'Agricultural and Biological Sciences (miscellaneous)', '0.0525'),
(7102156170, 'Edmund T', 'Rolls', 2808, 'NEUR', 'Neurology', '0.1016'),
(7102156170, 'Edmund T', 'Rolls', 1702, 'COMP', 'Artificial Intelligence', '0.0951'),
(7102156170, 'Edmund T', 'Rolls', 2604, 'MATH', 'Applied Mathematics', '0.0131'),
(7102156170, 'Edmund T', 'Rolls', 1710, 'COMP', 'Information Systems', '0.0066'),
(7102156170, 'Edmund T', 'Rolls', 1106, 'AGRI', 'Food Science', '0.0459'),
(7102156170, 'Edmund T', 'Rolls', 3204, 'PSYC', 'Developmental and Educational Psychology', '0.0098'),
(7102156170, 'Edmund T', 'Rolls', 2738, 'MEDI', 'Psychiatry and Mental Health', '0.0197'),
(7102156170, 'Edmund T', 'Rolls', 1700, 'COMP', 'Computer Science (all)', '0.0131'),
(7102156170, 'Edmund T', 'Rolls', 2613, 'MATH', 'Statistics and Probability', '0.0098'),
(7102156170, 'Edmund T', 'Rolls', 1703, 'COMP', 'Computational Theory and Mathematics', '0.0131'),
(7102156170, 'Edmund T', 'Rolls', 1303, 'BIOC', 'Biochemistry', '0.0262'),
(7102156170, 'Edmund T', 'Rolls', 2809, 'NEUR', 'Sensory Systems', '0.0262'),
(7102156170, 'Edmund T', 'Rolls', 2737, 'MEDI', 'Physiology (medical)', '0.1115'),
(7102156170, 'Edmund T', 'Rolls', 3200, 'PSYC', 'Psychology (all)', '0.0459'),
(7102156170, 'Edmund T', 'Rolls', 3002, 'PHAR', 'Drug Discovery', '0.0033'),
(7102156170, 'Edmund T', 'Rolls', 2712, 'MEDI', 'Endocrinology, Diabetes and Metabolism', '0.0066'),
(7102156170, 'Edmund T', 'Rolls', 2805, 'NEUR', 'Cognitive Neuroscience', '0.1377'),
(7102156170, 'Edmund T', 'Rolls', 2731, 'MEDI', 'Ophthalmology', '0.0295'),
(7102156170, 'Edmund T', 'Rolls', 2207, 'ENGI', 'Control and Systems Engineering', '0.0426'),
(7102156170, 'Edmund T', 'Rolls', 1311, 'BIOC', 'Genetics', '0.0131'),
(7102156170, 'Edmund T', 'Rolls', 1309, 'BIOC', 'Developmental Biology', '0.0590'),
(7102156170, 'Edmund T', 'Rolls', 3614, 'HEAL', 'Radiological and Ultrasound Technology', '0.0033'),
(7102156170, 'Edmund T', 'Rolls', 1105, 'AGRI', 'Ecology, Evolution, Behavior and Systematics', '0.0328'),
(7102156170, 'Edmund T', 'Rolls', 2806, 'NEUR', 'Developmental Neuroscience', '0.0098'),
(7102156170, 'Edmund T', 'Rolls', 2803, 'NEUR', 'Biological Psychiatry', '0.0066'),
(7102156170, 'Edmund T', 'Rolls', 2600, 'MATH', 'Mathematics (all)', '0.0098'),
(6603550196, 'Rafal', 'Rzepka', 2210, 'ENGI', 'Mechanical Engineering', '0.0370'),
(6603550196, 'Rafal', 'Rzepka', 1213, 'ARTS', 'Visual Arts and Performing Arts', '0.0370'),
(6603550196, 'Rafal', 'Rzepka', 3304, 'SOCI', 'Education', '0.0741'),
(6603550196, 'Rafal', 'Rzepka', 2606, 'MATH', 'Control and Optimization', '0.0370'),
(6603550196, 'Rafal', 'Rzepka', 1700, 'COMP', 'Computer Science (all)', '0.3704'),
(6603550196, 'Rafal', 'Rzepka', 1705, 'COMP', 'Computer Networks and Communications', '0.1481'),
(6603550196, 'Rafal', 'Rzepka', 1300, 'BIOC', 'Biochemistry, Genetics and Molecular Biology (all)', '0.1111'),
(6603550196, 'Rafal', 'Rzepka', 1203, 'ARTS', 'Language and Linguistics', '0.1852'),
(6603550196, 'Rafal', 'Rzepka', 1712, 'COMP', 'Software', '0.7037'),
(6603550196, 'Rafal', 'Rzepka', 1707, 'COMP', 'Computer Vision and Pattern Recognition', '0.1111'),
(6603550196, 'Rafal', 'Rzepka', 1703, 'COMP', 'Computational Theory and Mathematics', '0.0741'),
(6603550196, 'Rafal', 'Rzepka', 2200, 'ENGI', 'Engineering (all)', '0.2593'),
(6603550196, 'Rafal', 'Rzepka', 2605, 'MATH', 'Computational Mathematics', '0.0741'),
(6603550196, 'Rafal', 'Rzepka', 1702, 'COMP', 'Artificial Intelligence', '1.0000'),
(6603550196, 'Rafal', 'Rzepka', 2208, 'ENGI', 'Electrical and Electronic Engineering', '0.1111'),
(6603550196, 'Rafal', 'Rzepka', 3200, 'PSYC', 'Psychology (all)', '0.0370'),
(6603550196, 'Rafal', 'Rzepka', 1709, 'COMP', 'Human-Computer Interaction', '0.1852'),
(6603550196, 'Rafal', 'Rzepka', 2614, 'MATH', 'Theoretical Computer Science', '0.3333'),
(6603550196, 'Rafal', 'Rzepka', 1710, 'COMP', 'Information Systems', '0.1111'),
(6603550196, 'Rafal', 'Rzepka', 2207, 'ENGI', 'Control and Systems Engineering', '0.1481'),
(6603550196, 'Rafal', 'Rzepka', 2805, 'NEUR', 'Cognitive Neuroscience', '0.1852'),
(6603550196, 'Rafal', 'Rzepka', 1706, 'COMP', 'Computer Science Applications', '0.2222'),
(6603550196, 'Rafal', 'Rzepka', 1708, 'COMP', 'Hardware and Architecture', '0.0370'),
(6603550196, 'Rafal', 'Rzepka', 3300, 'SOCI', 'Social Sciences (all)', '0.0370');
INSERT INTO `author_sapa` (`scopus_author_id`, `first_name`, `last_name`, `scopus_subject_area_id`, `abbrev`, `name`, `ratio`) VALUES
(6603550196, 'Rafal', 'Rzepka', 2604, 'MATH', 'Applied Mathematics', '0.0370'),
(56489581600, 'Kenji', 'Araki', 1706, 'COMP', 'Computer Science Applications', '1.0000'),
(56489581600, 'Kenji', 'Araki', 2210, 'ENGI', 'Mechanical Engineering', '1.0000'),
(56489581600, 'Kenji', 'Araki', 2606, 'MATH', 'Control and Optimization', '1.0000'),
(56489581600, 'Kenji', 'Araki', 2207, 'ENGI', 'Control and Systems Engineering', '1.0000'),
(56489581600, 'Kenji', 'Araki', 1700, 'COMP', 'Computer Science (all)', '1.0000'),
(35569005900, 'Junichi', 'Takeno', 1300, 'BIOC', 'Biochemistry, Genetics and Molecular Biology (all)', '0.0714'),
(35569005900, 'Junichi', 'Takeno', 2206, 'ENGI', 'Computational Mechanics', '0.1429'),
(35569005900, 'Junichi', 'Takeno', 3205, 'PSYC', 'Experimental and Cognitive Psychology', '0.0714'),
(35569005900, 'Junichi', 'Takeno', 2805, 'NEUR', 'Cognitive Neuroscience', '0.0714'),
(35569005900, 'Junichi', 'Takeno', 1708, 'COMP', 'Hardware and Architecture', '0.3571'),
(35569005900, 'Junichi', 'Takeno', 1709, 'COMP', 'Human-Computer Interaction', '0.2143'),
(35569005900, 'Junichi', 'Takeno', 1700, 'COMP', 'Computer Science (all)', '0.2143'),
(35569005900, 'Junichi', 'Takeno', 2614, 'MATH', 'Theoretical Computer Science', '0.0714'),
(35569005900, 'Junichi', 'Takeno', 2100, 'ENER', 'Energy (all)', '0.1429'),
(35569005900, 'Junichi', 'Takeno', 2605, 'MATH', 'Computational Mathematics', '0.1429'),
(35569005900, 'Junichi', 'Takeno', 1702, 'COMP', 'Artificial Intelligence', '1.0000'),
(35569005900, 'Junichi', 'Takeno', 2200, 'ENGI', 'Engineering (all)', '0.4286'),
(35569005900, 'Junichi', 'Takeno', 2209, 'ENGI', 'Industrial and Manufacturing Engineering', '0.0714'),
(35569005900, 'Junichi', 'Takeno', 1707, 'COMP', 'Computer Vision and Pattern Recognition', '0.0714'),
(35569005900, 'Junichi', 'Takeno', 2207, 'ENGI', 'Control and Systems Engineering', '0.5000'),
(35569005900, 'Junichi', 'Takeno', 2208, 'ENGI', 'Electrical and Electronic Engineering', '0.2857'),
(35569005900, 'Junichi', 'Takeno', 1712, 'COMP', 'Software', '0.7857'),
(35569005900, 'Junichi', 'Takeno', 1706, 'COMP', 'Computer Science Applications', '0.4286'),
(56213128400, 'Igor', 'Aleksander', 3201, 'PSYC', 'Psychology (miscellaneous)', '0.0667'),
(56213128400, 'Igor', 'Aleksander', 1700, 'COMP', 'Computer Science (all)', '0.1333'),
(56213128400, 'Igor', 'Aleksander', 1711, 'COMP', 'Signal Processing', '0.1667'),
(56213128400, 'Igor', 'Aleksander', 1710, 'COMP', 'Information Systems', '0.2000'),
(56213128400, 'Igor', 'Aleksander', 1708, 'COMP', 'Hardware and Architecture', '0.0333'),
(56213128400, 'Igor', 'Aleksander', 1105, 'AGRI', 'Ecology, Evolution, Behavior and Systematics', '0.0333'),
(56213128400, 'Igor', 'Aleksander', 1305, 'BIOC', 'Biotechnology', '0.0333'),
(56213128400, 'Igor', 'Aleksander', 3205, 'PSYC', 'Experimental and Cognitive Psychology', '0.0667'),
(56213128400, 'Igor', 'Aleksander', 1211, 'ARTS', 'Philosophy', '0.1000'),
(56213128400, 'Igor', 'Aleksander', 2614, 'MATH', 'Theoretical Computer Science', '0.1333'),
(56213128400, 'Igor', 'Aleksander', 1602, 'CHEM', 'Analytical Chemistry', '0.0667'),
(56213128400, 'Igor', 'Aleksander', 2200, 'ENGI', 'Engineering (all)', '0.6000'),
(56213128400, 'Igor', 'Aleksander', 3309, 'SOCI', 'Library and Information Sciences', '0.1000'),
(56213128400, 'Igor', 'Aleksander', 3100, 'PHYS', 'Physics and Astronomy (all)', '0.0333'),
(56213128400, 'Igor', 'Aleksander', 1300, 'BIOC', 'Biochemistry, Genetics and Molecular Biology (all)', '0.1667'),
(56213128400, 'Igor', 'Aleksander', 1201, 'ARTS', 'Arts and Humanities (miscellaneous)', '0.0333'),
(56213128400, 'Igor', 'Aleksander', 2300, 'ENVI', 'Environmental Science (all)', '0.0333'),
(56213128400, 'Igor', 'Aleksander', 2805, 'NEUR', 'Cognitive Neuroscience', '0.1667'),
(56213128400, 'Igor', 'Aleksander', 1900, 'EART', 'Earth and Planetary Sciences (all)', '0.0333'),
(56213128400, 'Igor', 'Aleksander', 1705, 'COMP', 'Computer Networks and Communications', '0.0333'),
(56213128400, 'Igor', 'Aleksander', 1405, 'BUSI', 'Management of Technology and Innovation', '0.0667'),
(56213128400, 'Igor', 'Aleksander', 1502, 'CENG', 'Bioengineering', '0.0333'),
(56213128400, 'Igor', 'Aleksander', 1000, 'MULT', 'Multidisciplinary', '0.0333'),
(56213128400, 'Igor', 'Aleksander', 1712, 'COMP', 'Software', '0.1000'),
(56213128400, 'Igor', 'Aleksander', 2611, 'MATH', 'Modeling and Simulation', '0.0333'),
(56213128400, 'Igor', 'Aleksander', 1707, 'COMP', 'Computer Vision and Pattern Recognition', '0.3000'),
(56213128400, 'Igor', 'Aleksander', 1408, 'BUSI', 'Strategy and Management', '0.1333'),
(56213128400, 'Igor', 'Aleksander', 3200, 'PSYC', 'Psychology (all)', '0.0333'),
(56213128400, 'Igor', 'Aleksander', 2800, 'NEUR', 'Neuroscience (all)', '0.3000'),
(56213128400, 'Igor', 'Aleksander', 1709, 'COMP', 'Human-Computer Interaction', '0.0667'),
(56213128400, 'Igor', 'Aleksander', 1702, 'COMP', 'Artificial Intelligence', '0.6333'),
(56213128400, 'Igor', 'Aleksander', 2207, 'ENGI', 'Control and Systems Engineering', '0.2333'),
(56213128400, 'Igor', 'Aleksander', 1706, 'COMP', 'Computer Science Applications', '0.1667'),
(56213128400, 'Igor', 'Aleksander', 3204, 'PSYC', 'Developmental and Educational Psychology', '0.0333'),
(56213128400, 'Igor', 'Aleksander', 2208, 'ENGI', 'Electrical and Electronic Engineering', '1.0000'),
(56213128400, 'Igor', 'Aleksander', 2604, 'MATH', 'Applied Mathematics', '0.0333'),
(56213128400, 'Igor', 'Aleksander', 2700, 'MEDI', 'Medicine (all)', '0.1000'),
(56213128400, 'Igor', 'Aleksander', 2209, 'ENGI', 'Industrial and Manufacturing Engineering', '0.0667'),
(56213128400, 'Igor', 'Aleksander', 1200, 'ARTS', 'Arts and Humanities (all)', '0.0333'),
(56213128400, 'Igor', 'Aleksander', 3300, 'SOCI', 'Social Sciences (all)', '0.0333'),
(9736168000, 'Keita', 'Inaba', 1300, 'BIOC', 'Biochemistry, Genetics and Molecular Biology (all)', '1.0000'),
(9736168000, 'Keita', 'Inaba', 1700, 'COMP', 'Computer Science (all)', '1.0000'),
(9736168000, 'Keita', 'Inaba', 1708, 'COMP', 'Hardware and Architecture', '1.0000'),
(9736168000, 'Keita', 'Inaba', 2605, 'MATH', 'Computational Mathematics', '1.0000'),
(9736168000, 'Keita', 'Inaba', 2614, 'MATH', 'Theoretical Computer Science', '1.0000'),
(13105239600, 'Helen B', 'Morton', 3300, 'SOCI', 'Social Sciences (all)', '0.1429'),
(13105239600, 'Helen B', 'Morton', 2200, 'ENGI', 'Engineering (all)', '0.2857'),
(13105239600, 'Helen B', 'Morton', 2614, 'MATH', 'Theoretical Computer Science', '0.4286'),
(13105239600, 'Helen B', 'Morton', 3201, 'PSYC', 'Psychology (miscellaneous)', '0.1429'),
(13105239600, 'Helen B', 'Morton', 1300, 'BIOC', 'Biochemistry, Genetics and Molecular Biology (all)', '0.2857'),
(13105239600, 'Helen B', 'Morton', 1702, 'COMP', 'Artificial Intelligence', '1.0000'),
(13105239600, 'Helen B', 'Morton', 1707, 'COMP', 'Computer Vision and Pattern Recognition', '0.1429'),
(13105239600, 'Helen B', 'Morton', 1710, 'COMP', 'Information Systems', '0.2857'),
(13105239600, 'Helen B', 'Morton', 1700, 'COMP', 'Computer Science (all)', '0.5714'),
(13105239600, 'Helen B', 'Morton', 2207, 'ENGI', 'Control and Systems Engineering', '0.2857'),
(13105239600, 'Helen B', 'Morton', 1211, 'ARTS', 'Philosophy', '0.1429'),
(13105239600, 'Helen B', 'Morton', 2208, 'ENGI', 'Electrical and Electronic Engineering', '0.1429'),
(13105239600, 'Helen B', 'Morton', 1305, 'BIOC', 'Biotechnology', '0.1429'),
(13105239600, 'Helen B', 'Morton', 2800, 'NEUR', 'Neuroscience (all)', '0.2857'),
(13105239600, 'Helen B', 'Morton', 1502, 'CENG', 'Bioengineering', '0.1429'),
(15762485400, 'David', 'Gamez', 1502, 'CENG', 'Bioengineering', '0.1250'),
(15762485400, 'David', 'Gamez', 1702, 'COMP', 'Artificial Intelligence', '1.0000'),
(15762485400, 'David', 'Gamez', 3200, 'PSYC', 'Psychology (all)', '0.1250'),
(15762485400, 'David', 'Gamez', 1211, 'ARTS', 'Philosophy', '0.1250'),
(15762485400, 'David', 'Gamez', 2213, 'ENGI', 'Safety, Risk, Reliability and Quality', '0.1250'),
(15762485400, 'David', 'Gamez', 2200, 'ENGI', 'Engineering (all)', '0.2500'),
(15762485400, 'David', 'Gamez', 3205, 'PSYC', 'Experimental and Cognitive Psychology', '0.3750'),
(15762485400, 'David', 'Gamez', 1700, 'COMP', 'Computer Science (all)', '0.3750'),
(15762485400, 'David', 'Gamez', 2800, 'NEUR', 'Neuroscience (all)', '0.2500'),
(15762485400, 'David', 'Gamez', 2207, 'ENGI', 'Control and Systems Engineering', '0.1250'),
(15762485400, 'David', 'Gamez', 1305, 'BIOC', 'Biotechnology', '0.2500'),
(15762485400, 'David', 'Gamez', 2201, 'ENGI', 'Engineering (miscellaneous)', '0.1250'),
(15762485400, 'David', 'Gamez', 1313, 'BIOC', 'Molecular Medicine', '0.1250'),
(15762485400, 'David', 'Gamez', 1710, 'COMP', 'Information Systems', '0.1250'),
(15762485400, 'David', 'Gamez', 1303, 'BIOC', 'Biochemistry', '0.1250'),
(15762485400, 'David', 'Gamez', 1707, 'COMP', 'Computer Vision and Pattern Recognition', '0.1250'),
(15762485400, 'David', 'Gamez', 1300, 'BIOC', 'Biochemistry, Genetics and Molecular Biology (all)', '0.3750'),
(15762485400, 'David', 'Gamez', 1201, 'ARTS', 'Arts and Humanities (miscellaneous)', '0.1250'),
(15762485400, 'David', 'Gamez', 1701, 'COMP', 'Computer Science (miscellaneous)', '0.1250'),
(15762485400, 'David', 'Gamez', 1712, 'COMP', 'Software', '0.3750'),
(15762485400, 'David', 'Gamez', 1304, 'BIOC', 'Biophysics', '0.1250'),
(15762485400, 'David', 'Gamez', 2614, 'MATH', 'Theoretical Computer Science', '0.2500'),
(15762485400, 'David', 'Gamez', 2208, 'ENGI', 'Electrical and Electronic Engineering', '0.1250'),
(15762485400, 'David', 'Gamez', 2700, 'MEDI', 'Medicine (all)', '0.2500'),
(15762485400, 'David', 'Gamez', 3204, 'PSYC', 'Developmental and Educational Psychology', '0.1250'),
(15762485400, 'David', 'Gamez', 2611, 'MATH', 'Modeling and Simulation', '0.1250'),
(15762485400, 'David', 'Gamez', 1709, 'COMP', 'Human-Computer Interaction', '0.3750'),
(6701318494, 'Ben', 'Goertzel', 2700, 'MEDI', 'Medicine (all)', '0.0345'),
(6701318494, 'Ben', 'Goertzel', 1405, 'BUSI', 'Management of Technology and Innovation', '0.0172'),
(6701318494, 'Ben', 'Goertzel', 2614, 'MATH', 'Theoretical Computer Science', '0.3621'),
(6701318494, 'Ben', 'Goertzel', 1702, 'COMP', 'Artificial Intelligence', '1.0000'),
(6701318494, 'Ben', 'Goertzel', 2606, 'MATH', 'Control and Optimization', '0.0345'),
(6701318494, 'Ben', 'Goertzel', 1710, 'COMP', 'Information Systems', '0.0517'),
(6701318494, 'Ben', 'Goertzel', 3004, 'PHAR', 'Pharmacology', '0.0690'),
(6701318494, 'Ben', 'Goertzel', 3201, 'PSYC', 'Psychology (miscellaneous)', '0.0172'),
(6701318494, 'Ben', 'Goertzel', 2611, 'MATH', 'Modeling and Simulation', '0.0172'),
(6701318494, 'Ben', 'Goertzel', 2100, 'ENER', 'Energy (all)', '0.0345'),
(6701318494, 'Ben', 'Goertzel', 1709, 'COMP', 'Human-Computer Interaction', '0.0690'),
(6701318494, 'Ben', 'Goertzel', 2728, 'MEDI', 'Neurology (clinical)', '0.0172'),
(6701318494, 'Ben', 'Goertzel', 2604, 'MATH', 'Applied Mathematics', '0.1034'),
(6701318494, 'Ben', 'Goertzel', 1311, 'BIOC', 'Genetics', '0.0172'),
(6701318494, 'Ben', 'Goertzel', 2800, 'NEUR', 'Neuroscience (all)', '0.0345'),
(6701318494, 'Ben', 'Goertzel', 3101, 'PHYS', 'Physics and Astronomy (miscellaneous)', '0.0172'),
(6701318494, 'Ben', 'Goertzel', 1703, 'COMP', 'Computational Theory and Mathematics', '0.0862'),
(6701318494, 'Ben', 'Goertzel', 1211, 'ARTS', 'Philosophy', '0.0172'),
(6701318494, 'Ben', 'Goertzel', 3205, 'PSYC', 'Experimental and Cognitive Psychology', '0.1034'),
(6701318494, 'Ben', 'Goertzel', 2208, 'ENGI', 'Electrical and Electronic Engineering', '0.0172'),
(6701318494, 'Ben', 'Goertzel', 3301, 'SOCI', 'Social Sciences (miscellaneous)', '0.0172'),
(6701318494, 'Ben', 'Goertzel', 3200, 'PSYC', 'Psychology (all)', '0.4310'),
(6701318494, 'Ben', 'Goertzel', 2300, 'ENVI', 'Environmental Science (all)', '0.0172'),
(6701318494, 'Ben', 'Goertzel', 2805, 'NEUR', 'Cognitive Neuroscience', '0.1034'),
(6701318494, 'Ben', 'Goertzel', 1300, 'BIOC', 'Biochemistry, Genetics and Molecular Biology (all)', '0.0172'),
(6701318494, 'Ben', 'Goertzel', 1700, 'COMP', 'Computer Science (all)', '0.2931'),
(6701318494, 'Ben', 'Goertzel', 3202, 'PSYC', 'Applied Psychology', '0.0172'),
(6701318494, 'Ben', 'Goertzel', 2200, 'ENGI', 'Engineering (all)', '0.1552'),
(6701318494, 'Ben', 'Goertzel', 1706, 'COMP', 'Computer Science Applications', '0.1724'),
(6701318494, 'Ben', 'Goertzel', 3305, 'SOCI', 'Geography, Planning and Development', '0.0172'),
(6701318494, 'Ben', 'Goertzel', 1302, 'BIOC', 'Aging', '0.0172'),
(6701318494, 'Ben', 'Goertzel', 3100, 'PHYS', 'Physics and Astronomy (all)', '0.0172'),
(6701318494, 'Ben', 'Goertzel', 1708, 'COMP', 'Hardware and Architecture', '0.0345'),
(6701318494, 'Ben', 'Goertzel', 1712, 'COMP', 'Software', '0.3793'),
(6701318494, 'Ben', 'Goertzel', 2716, 'MEDI', 'Genetics (clinical)', '0.0690'),
(6701318494, 'Ben', 'Goertzel', 1704, 'COMP', 'Computer Graphics and Computer-Aided Design', '0.0172'),
(6701318494, 'Ben', 'Goertzel', 2612, 'MATH', 'Numerical Analysis', '0.0517'),
(6701318494, 'Ben', 'Goertzel', 3206, 'PSYC', 'Neuropsychology and Physiological Psychology', '0.0172'),
(6701318494, 'Ben', 'Goertzel', 1803, 'DECI', 'Management Science and Operations Research', '0.0345'),
(6701318494, 'Ben', 'Goertzel', 1403, 'BUSI', 'Business and International Management', '0.0172'),
(6701318494, 'Ben', 'Goertzel', 2207, 'ENGI', 'Control and Systems Engineering', '0.1034'),
(6701318494, 'Ben', 'Goertzel', 1900, 'EART', 'Earth and Planetary Sciences (all)', '0.0172'),
(6701318494, 'Ben', 'Goertzel', 3300, 'SOCI', 'Social Sciences (all)', '0.0345'),
(6701318494, 'Ben', 'Goertzel', 1701, 'COMP', 'Computer Science (miscellaneous)', '0.0172'),
(6701318494, 'Ben', 'Goertzel', 1100, 'AGRI', 'Agricultural and Biological Sciences (all)', '0.0345'),
(6701318494, 'Ben', 'Goertzel', 1200, 'ARTS', 'Arts and Humanities (all)', '0.0345'),
(6701318494, 'Ben', 'Goertzel', 1105, 'AGRI', 'Ecology, Evolution, Behavior and Systematics', '0.0345'),
(6701318494, 'Ben', 'Goertzel', 2206, 'ENGI', 'Computational Mechanics', '0.0517'),
(26643216300, 'Stevan', 'Harnard', 1207, 'ARTS', 'History and Philosophy of Science', '0.0370'),
(26643216300, 'Stevan', 'Harnard', 2719, 'MEDI', 'Health Policy', '0.0370'),
(26643216300, 'Stevan', 'Harnard', 1105, 'AGRI', 'Ecology, Evolution, Behavior and Systematics', '0.1111'),
(26643216300, 'Stevan', 'Harnard', 2306, 'ENVI', 'Global and Planetary Change', '0.0370'),
(26643216300, 'Stevan', 'Harnard', 3309, 'SOCI', 'Library and Information Sciences', '0.6667'),
(26643216300, 'Stevan', 'Harnard', 3315, 'SOCI', 'Communication', '0.1481'),
(26643216300, 'Stevan', 'Harnard', 3308, 'SOCI', 'Law', '0.0370'),
(26643216300, 'Stevan', 'Harnard', 1100, 'AGRI', 'Agricultural and Biological Sciences (all)', '0.1481'),
(26643216300, 'Stevan', 'Harnard', 2208, 'ENGI', 'Electrical and Electronic Engineering', '0.1481'),
(26643216300, 'Stevan', 'Harnard', 1709, 'COMP', 'Human-Computer Interaction', '0.0370'),
(26643216300, 'Stevan', 'Harnard', 3304, 'SOCI', 'Education', '0.0741'),
(26643216300, 'Stevan', 'Harnard', 2614, 'MATH', 'Theoretical Computer Science', '0.0741'),
(26643216300, 'Stevan', 'Harnard', 3310, 'SOCI', 'Linguistics and Language', '0.1481'),
(26643216300, 'Stevan', 'Harnard', 1708, 'COMP', 'Hardware and Architecture', '0.0741'),
(26643216300, 'Stevan', 'Harnard', 1706, 'COMP', 'Computer Science Applications', '0.0370'),
(26643216300, 'Stevan', 'Harnard', 3206, 'PSYC', 'Neuropsychology and Physiological Psychology', '0.2222'),
(26643216300, 'Stevan', 'Harnard', 1200, 'ARTS', 'Arts and Humanities (all)', '0.0741'),
(26643216300, 'Stevan', 'Harnard', 2802, 'NEUR', 'Behavioral Neuroscience', '0.1111'),
(26643216300, 'Stevan', 'Harnard', 3312, 'SOCI', 'Sociology and Political Science', '0.0370'),
(26643216300, 'Stevan', 'Harnard', 2700, 'MEDI', 'Medicine (all)', '0.2963'),
(26643216300, 'Stevan', 'Harnard', 2207, 'ENGI', 'Control and Systems Engineering', '0.0370'),
(26643216300, 'Stevan', 'Harnard', 1000, 'MULT', 'Multidisciplinary', '0.3333'),
(26643216300, 'Stevan', 'Harnard', 1702, 'COMP', 'Artificial Intelligence', '0.2963'),
(26643216300, 'Stevan', 'Harnard', 1300, 'BIOC', 'Biochemistry, Genetics and Molecular Biology (all)', '0.1111'),
(26643216300, 'Stevan', 'Harnard', 2200, 'ENGI', 'Engineering (all)', '0.0370'),
(26643216300, 'Stevan', 'Harnard', 3201, 'PSYC', 'Psychology (miscellaneous)', '0.0370'),
(26643216300, 'Stevan', 'Harnard', 1712, 'COMP', 'Software', '0.0741'),
(26643216300, 'Stevan', 'Harnard', 1700, 'COMP', 'Computer Science (all)', '0.2222'),
(26643216300, 'Stevan', 'Harnard', 1705, 'COMP', 'Computer Networks and Communications', '0.0741'),
(26643216300, 'Stevan', 'Harnard', 1314, 'BIOC', 'Physiology', '0.1111'),
(26643216300, 'Stevan', 'Harnard', 2718, 'MEDI', 'Health Informatics', '0.0370'),
(26643216300, 'Stevan', 'Harnard', 2800, 'NEUR', 'Neuroscience (all)', '0.2222'),
(26643216300, 'Stevan', 'Harnard', 3205, 'PSYC', 'Experimental and Cognitive Psychology', '0.0741'),
(26643216300, 'Stevan', 'Harnard', 3305, 'SOCI', 'Geography, Planning and Development', '0.0370'),
(26643216300, 'Stevan', 'Harnard', 1904, 'EART', 'Earth-Surface Processes', '0.0370'),
(26643216300, 'Stevan', 'Harnard', 1211, 'ARTS', 'Philosophy', '0.1111'),
(26643216300, 'Stevan', 'Harnard', 2728, 'MEDI', 'Neurology (clinical)', '0.0741'),
(26643216300, 'Stevan', 'Harnard', 3300, 'SOCI', 'Social Sciences (all)', '0.1111'),
(26643216300, 'Stevan', 'Harnard', 2303, 'ENVI', 'Ecology', '0.0370'),
(26643216300, 'Stevan', 'Harnard', 3109, 'PHYS', 'Statistical and Nonlinear Physics', '0.0370'),
(26643216300, 'Stevan', 'Harnard', 1405, 'BUSI', 'Management of Technology and Innovation', '0.0370'),
(26643216300, 'Stevan', 'Harnard', 2308, 'ENVI', 'Management, Monitoring, Policy and Law', '0.0370'),
(26643216300, 'Stevan', 'Harnard', 2604, 'MATH', 'Applied Mathematics', '0.0370'),
(26643216300, 'Stevan', 'Harnard', 1710, 'COMP', 'Information Systems', '0.1852'),
(26643216300, 'Stevan', 'Harnard', 3200, 'PSYC', 'Psychology (all)', '1.0000'),
(26643216300, 'Stevan', 'Harnard', 2910, 'NURS', 'Issues, Ethics and Legal Aspects', '0.0370'),
(26643216300, 'Stevan', 'Harnard', 1703, 'COMP', 'Computational Theory and Mathematics', '0.0370'),
(26643216300, 'Stevan', 'Harnard', 2701, 'MEDI', 'Medicine (miscellaneous)', '0.0370'),
(26643216300, 'Stevan', 'Harnard', 1207, 'ARTS', 'History and Philosophy of Science', '0.0370'),
(26643216300, 'Stevan', 'Harnard', 2719, 'MEDI', 'Health Policy', '0.0370'),
(26643216300, 'Stevan', 'Harnard', 1105, 'AGRI', 'Ecology, Evolution, Behavior and Systematics', '0.1111'),
(26643216300, 'Stevan', 'Harnard', 2306, 'ENVI', 'Global and Planetary Change', '0.0370'),
(26643216300, 'Stevan', 'Harnard', 3309, 'SOCI', 'Library and Information Sciences', '0.6667'),
(26643216300, 'Stevan', 'Harnard', 3315, 'SOCI', 'Communication', '0.1481'),
(26643216300, 'Stevan', 'Harnard', 3308, 'SOCI', 'Law', '0.0370'),
(26643216300, 'Stevan', 'Harnard', 1100, 'AGRI', 'Agricultural and Biological Sciences (all)', '0.1481'),
(26643216300, 'Stevan', 'Harnard', 2208, 'ENGI', 'Electrical and Electronic Engineering', '0.1481'),
(26643216300, 'Stevan', 'Harnard', 1709, 'COMP', 'Human-Computer Interaction', '0.0370'),
(26643216300, 'Stevan', 'Harnard', 3304, 'SOCI', 'Education', '0.0741'),
(26643216300, 'Stevan', 'Harnard', 2614, 'MATH', 'Theoretical Computer Science', '0.0741'),
(26643216300, 'Stevan', 'Harnard', 3310, 'SOCI', 'Linguistics and Language', '0.1481'),
(26643216300, 'Stevan', 'Harnard', 1708, 'COMP', 'Hardware and Architecture', '0.0741'),
(26643216300, 'Stevan', 'Harnard', 1706, 'COMP', 'Computer Science Applications', '0.0370'),
(26643216300, 'Stevan', 'Harnard', 3206, 'PSYC', 'Neuropsychology and Physiological Psychology', '0.2222'),
(26643216300, 'Stevan', 'Harnard', 1200, 'ARTS', 'Arts and Humanities (all)', '0.0741'),
(26643216300, 'Stevan', 'Harnard', 2802, 'NEUR', 'Behavioral Neuroscience', '0.1111'),
(26643216300, 'Stevan', 'Harnard', 3312, 'SOCI', 'Sociology and Political Science', '0.0370'),
(26643216300, 'Stevan', 'Harnard', 2700, 'MEDI', 'Medicine (all)', '0.2963'),
(26643216300, 'Stevan', 'Harnard', 2207, 'ENGI', 'Control and Systems Engineering', '0.0370'),
(26643216300, 'Stevan', 'Harnard', 1000, 'MULT', 'Multidisciplinary', '0.3333'),
(26643216300, 'Stevan', 'Harnard', 1702, 'COMP', 'Artificial Intelligence', '0.2963'),
(26643216300, 'Stevan', 'Harnard', 1300, 'BIOC', 'Biochemistry, Genetics and Molecular Biology (all)', '0.1111'),
(26643216300, 'Stevan', 'Harnard', 2200, 'ENGI', 'Engineering (all)', '0.0370'),
(26643216300, 'Stevan', 'Harnard', 3201, 'PSYC', 'Psychology (miscellaneous)', '0.0370'),
(26643216300, 'Stevan', 'Harnard', 1712, 'COMP', 'Software', '0.0741'),
(26643216300, 'Stevan', 'Harnard', 1700, 'COMP', 'Computer Science (all)', '0.2222'),
(26643216300, 'Stevan', 'Harnard', 1705, 'COMP', 'Computer Networks and Communications', '0.0741'),
(26643216300, 'Stevan', 'Harnard', 1314, 'BIOC', 'Physiology', '0.1111'),
(26643216300, 'Stevan', 'Harnard', 2718, 'MEDI', 'Health Informatics', '0.0370'),
(26643216300, 'Stevan', 'Harnard', 2800, 'NEUR', 'Neuroscience (all)', '0.2222'),
(26643216300, 'Stevan', 'Harnard', 3205, 'PSYC', 'Experimental and Cognitive Psychology', '0.0741'),
(26643216300, 'Stevan', 'Harnard', 3305, 'SOCI', 'Geography, Planning and Development', '0.0370'),
(26643216300, 'Stevan', 'Harnard', 1904, 'EART', 'Earth-Surface Processes', '0.0370'),
(26643216300, 'Stevan', 'Harnard', 1211, 'ARTS', 'Philosophy', '0.1111'),
(26643216300, 'Stevan', 'Harnard', 2728, 'MEDI', 'Neurology (clinical)', '0.0741'),
(26643216300, 'Stevan', 'Harnard', 3300, 'SOCI', 'Social Sciences (all)', '0.1111'),
(26643216300, 'Stevan', 'Harnard', 2303, 'ENVI', 'Ecology', '0.0370'),
(26643216300, 'Stevan', 'Harnard', 3109, 'PHYS', 'Statistical and Nonlinear Physics', '0.0370'),
(26643216300, 'Stevan', 'Harnard', 1405, 'BUSI', 'Management of Technology and Innovation', '0.0370'),
(26643216300, 'Stevan', 'Harnard', 2308, 'ENVI', 'Management, Monitoring, Policy and Law', '0.0370'),
(26643216300, 'Stevan', 'Harnard', 2604, 'MATH', 'Applied Mathematics', '0.0370'),
(26643216300, 'Stevan', 'Harnard', 1710, 'COMP', 'Information Systems', '0.1852'),
(26643216300, 'Stevan', 'Harnard', 3200, 'PSYC', 'Psychology (all)', '1.0000'),
(26643216300, 'Stevan', 'Harnard', 2910, 'NURS', 'Issues, Ethics and Legal Aspects', '0.0370'),
(26643216300, 'Stevan', 'Harnard', 1703, 'COMP', 'Computational Theory and Mathematics', '0.0370'),
(26643216300, 'Stevan', 'Harnard', 2701, 'MEDI', 'Medicine (miscellaneous)', '0.0370'),
(26643216300, 'Stevan', 'Harnard', 1207, 'ARTS', 'History and Philosophy of Science', '0.0370'),
(26643216300, 'Stevan', 'Harnard', 2719, 'MEDI', 'Health Policy', '0.0370'),
(26643216300, 'Stevan', 'Harnard', 1105, 'AGRI', 'Ecology, Evolution, Behavior and Systematics', '0.1111'),
(26643216300, 'Stevan', 'Harnard', 2306, 'ENVI', 'Global and Planetary Change', '0.0370'),
(26643216300, 'Stevan', 'Harnard', 3309, 'SOCI', 'Library and Information Sciences', '0.6667'),
(26643216300, 'Stevan', 'Harnard', 3315, 'SOCI', 'Communication', '0.1481'),
(26643216300, 'Stevan', 'Harnard', 3308, 'SOCI', 'Law', '0.0370'),
(26643216300, 'Stevan', 'Harnard', 1100, 'AGRI', 'Agricultural and Biological Sciences (all)', '0.1481'),
(26643216300, 'Stevan', 'Harnard', 2208, 'ENGI', 'Electrical and Electronic Engineering', '0.1481'),
(26643216300, 'Stevan', 'Harnard', 1709, 'COMP', 'Human-Computer Interaction', '0.0370'),
(26643216300, 'Stevan', 'Harnard', 3304, 'SOCI', 'Education', '0.0741'),
(26643216300, 'Stevan', 'Harnard', 2614, 'MATH', 'Theoretical Computer Science', '0.0741'),
(26643216300, 'Stevan', 'Harnard', 3310, 'SOCI', 'Linguistics and Language', '0.1481'),
(26643216300, 'Stevan', 'Harnard', 1708, 'COMP', 'Hardware and Architecture', '0.0741'),
(26643216300, 'Stevan', 'Harnard', 1706, 'COMP', 'Computer Science Applications', '0.0370'),
(26643216300, 'Stevan', 'Harnard', 3206, 'PSYC', 'Neuropsychology and Physiological Psychology', '0.2222'),
(26643216300, 'Stevan', 'Harnard', 1200, 'ARTS', 'Arts and Humanities (all)', '0.0741'),
(26643216300, 'Stevan', 'Harnard', 2802, 'NEUR', 'Behavioral Neuroscience', '0.1111'),
(26643216300, 'Stevan', 'Harnard', 3312, 'SOCI', 'Sociology and Political Science', '0.0370'),
(26643216300, 'Stevan', 'Harnard', 2700, 'MEDI', 'Medicine (all)', '0.2963'),
(26643216300, 'Stevan', 'Harnard', 2207, 'ENGI', 'Control and Systems Engineering', '0.0370'),
(26643216300, 'Stevan', 'Harnard', 1000, 'MULT', 'Multidisciplinary', '0.3333'),
(26643216300, 'Stevan', 'Harnard', 1702, 'COMP', 'Artificial Intelligence', '0.2963'),
(26643216300, 'Stevan', 'Harnard', 1300, 'BIOC', 'Biochemistry, Genetics and Molecular Biology (all)', '0.1111'),
(26643216300, 'Stevan', 'Harnard', 2200, 'ENGI', 'Engineering (all)', '0.0370'),
(26643216300, 'Stevan', 'Harnard', 3201, 'PSYC', 'Psychology (miscellaneous)', '0.0370'),
(26643216300, 'Stevan', 'Harnard', 1712, 'COMP', 'Software', '0.0741'),
(26643216300, 'Stevan', 'Harnard', 1700, 'COMP', 'Computer Science (all)', '0.2222'),
(26643216300, 'Stevan', 'Harnard', 1705, 'COMP', 'Computer Networks and Communications', '0.0741'),
(26643216300, 'Stevan', 'Harnard', 1314, 'BIOC', 'Physiology', '0.1111'),
(26643216300, 'Stevan', 'Harnard', 2718, 'MEDI', 'Health Informatics', '0.0370'),
(26643216300, 'Stevan', 'Harnard', 2800, 'NEUR', 'Neuroscience (all)', '0.2222'),
(26643216300, 'Stevan', 'Harnard', 3205, 'PSYC', 'Experimental and Cognitive Psychology', '0.0741'),
(26643216300, 'Stevan', 'Harnard', 3305, 'SOCI', 'Geography, Planning and Development', '0.0370'),
(26643216300, 'Stevan', 'Harnard', 1904, 'EART', 'Earth-Surface Processes', '0.0370'),
(26643216300, 'Stevan', 'Harnard', 1211, 'ARTS', 'Philosophy', '0.1111'),
(26643216300, 'Stevan', 'Harnard', 2728, 'MEDI', 'Neurology (clinical)', '0.0741'),
(26643216300, 'Stevan', 'Harnard', 3300, 'SOCI', 'Social Sciences (all)', '0.1111'),
(26643216300, 'Stevan', 'Harnard', 2303, 'ENVI', 'Ecology', '0.0370'),
(26643216300, 'Stevan', 'Harnard', 3109, 'PHYS', 'Statistical and Nonlinear Physics', '0.0370'),
(26643216300, 'Stevan', 'Harnard', 1405, 'BUSI', 'Management of Technology and Innovation', '0.0370'),
(26643216300, 'Stevan', 'Harnard', 2308, 'ENVI', 'Management, Monitoring, Policy and Law', '0.0370'),
(26643216300, 'Stevan', 'Harnard', 2604, 'MATH', 'Applied Mathematics', '0.0370'),
(26643216300, 'Stevan', 'Harnard', 1710, 'COMP', 'Information Systems', '0.1852'),
(26643216300, 'Stevan', 'Harnard', 3200, 'PSYC', 'Psychology (all)', '1.0000'),
(26643216300, 'Stevan', 'Harnard', 2910, 'NURS', 'Issues, Ethics and Legal Aspects', '0.0370'),
(26643216300, 'Stevan', 'Harnard', 1703, 'COMP', 'Computational Theory and Mathematics', '0.0370'),
(26643216300, 'Stevan', 'Harnard', 2701, 'MEDI', 'Medicine (miscellaneous)', '0.0370'),
(26643216300, 'Stevan', 'Harnard', 1207, 'ARTS', 'History and Philosophy of Science', '0.0370'),
(26643216300, 'Stevan', 'Harnard', 2719, 'MEDI', 'Health Policy', '0.0370'),
(26643216300, 'Stevan', 'Harnard', 1105, 'AGRI', 'Ecology, Evolution, Behavior and Systematics', '0.1111'),
(26643216300, 'Stevan', 'Harnard', 2306, 'ENVI', 'Global and Planetary Change', '0.0370'),
(26643216300, 'Stevan', 'Harnard', 3309, 'SOCI', 'Library and Information Sciences', '0.6667'),
(26643216300, 'Stevan', 'Harnard', 3315, 'SOCI', 'Communication', '0.1481'),
(26643216300, 'Stevan', 'Harnard', 3308, 'SOCI', 'Law', '0.0370'),
(26643216300, 'Stevan', 'Harnard', 1100, 'AGRI', 'Agricultural and Biological Sciences (all)', '0.1481'),
(26643216300, 'Stevan', 'Harnard', 2208, 'ENGI', 'Electrical and Electronic Engineering', '0.1481'),
(26643216300, 'Stevan', 'Harnard', 1709, 'COMP', 'Human-Computer Interaction', '0.0370'),
(26643216300, 'Stevan', 'Harnard', 3304, 'SOCI', 'Education', '0.0741'),
(26643216300, 'Stevan', 'Harnard', 2614, 'MATH', 'Theoretical Computer Science', '0.0741'),
(26643216300, 'Stevan', 'Harnard', 3310, 'SOCI', 'Linguistics and Language', '0.1481'),
(26643216300, 'Stevan', 'Harnard', 1708, 'COMP', 'Hardware and Architecture', '0.0741'),
(26643216300, 'Stevan', 'Harnard', 1706, 'COMP', 'Computer Science Applications', '0.0370'),
(26643216300, 'Stevan', 'Harnard', 3206, 'PSYC', 'Neuropsychology and Physiological Psychology', '0.2222'),
(26643216300, 'Stevan', 'Harnard', 1200, 'ARTS', 'Arts and Humanities (all)', '0.0741'),
(26643216300, 'Stevan', 'Harnard', 2802, 'NEUR', 'Behavioral Neuroscience', '0.1111'),
(26643216300, 'Stevan', 'Harnard', 3312, 'SOCI', 'Sociology and Political Science', '0.0370'),
(26643216300, 'Stevan', 'Harnard', 2700, 'MEDI', 'Medicine (all)', '0.2963'),
(26643216300, 'Stevan', 'Harnard', 2207, 'ENGI', 'Control and Systems Engineering', '0.0370'),
(26643216300, 'Stevan', 'Harnard', 1000, 'MULT', 'Multidisciplinary', '0.3333'),
(26643216300, 'Stevan', 'Harnard', 1702, 'COMP', 'Artificial Intelligence', '0.2963'),
(26643216300, 'Stevan', 'Harnard', 1300, 'BIOC', 'Biochemistry, Genetics and Molecular Biology (all)', '0.1111'),
(26643216300, 'Stevan', 'Harnard', 2200, 'ENGI', 'Engineering (all)', '0.0370'),
(26643216300, 'Stevan', 'Harnard', 3201, 'PSYC', 'Psychology (miscellaneous)', '0.0370'),
(26643216300, 'Stevan', 'Harnard', 1712, 'COMP', 'Software', '0.0741'),
(26643216300, 'Stevan', 'Harnard', 1700, 'COMP', 'Computer Science (all)', '0.2222'),
(26643216300, 'Stevan', 'Harnard', 1705, 'COMP', 'Computer Networks and Communications', '0.0741'),
(26643216300, 'Stevan', 'Harnard', 1314, 'BIOC', 'Physiology', '0.1111'),
(26643216300, 'Stevan', 'Harnard', 2718, 'MEDI', 'Health Informatics', '0.0370'),
(26643216300, 'Stevan', 'Harnard', 2800, 'NEUR', 'Neuroscience (all)', '0.2222'),
(26643216300, 'Stevan', 'Harnard', 3205, 'PSYC', 'Experimental and Cognitive Psychology', '0.0741'),
(26643216300, 'Stevan', 'Harnard', 3305, 'SOCI', 'Geography, Planning and Development', '0.0370'),
(26643216300, 'Stevan', 'Harnard', 1904, 'EART', 'Earth-Surface Processes', '0.0370'),
(26643216300, 'Stevan', 'Harnard', 1211, 'ARTS', 'Philosophy', '0.1111'),
(26643216300, 'Stevan', 'Harnard', 2728, 'MEDI', 'Neurology (clinical)', '0.0741'),
(26643216300, 'Stevan', 'Harnard', 3300, 'SOCI', 'Social Sciences (all)', '0.1111'),
(26643216300, 'Stevan', 'Harnard', 2303, 'ENVI', 'Ecology', '0.0370'),
(26643216300, 'Stevan', 'Harnard', 3109, 'PHYS', 'Statistical and Nonlinear Physics', '0.0370'),
(26643216300, 'Stevan', 'Harnard', 1405, 'BUSI', 'Management of Technology and Innovation', '0.0370'),
(26643216300, 'Stevan', 'Harnard', 2308, 'ENVI', 'Management, Monitoring, Policy and Law', '0.0370'),
(26643216300, 'Stevan', 'Harnard', 2604, 'MATH', 'Applied Mathematics', '0.0370'),
(26643216300, 'Stevan', 'Harnard', 1710, 'COMP', 'Information Systems', '0.1852'),
(26643216300, 'Stevan', 'Harnard', 3200, 'PSYC', 'Psychology (all)', '1.0000'),
(26643216300, 'Stevan', 'Harnard', 2910, 'NURS', 'Issues, Ethics and Legal Aspects', '0.0370'),
(26643216300, 'Stevan', 'Harnard', 1703, 'COMP', 'Computational Theory and Mathematics', '0.0370'),
(26643216300, 'Stevan', 'Harnard', 2701, 'MEDI', 'Medicine (miscellaneous)', '0.0370'),
(24823912300, 'Paul F', 'Bello', 2208, 'ENGI', 'Electrical and Electronic Engineering', '0.6250'),
(24823912300, 'Paul F', 'Bello', 3205, 'PSYC', 'Experimental and Cognitive Psychology', '0.2500'),
(24823912300, 'Paul F', 'Bello', 1200, 'ARTS', 'Arts and Humanities (all)', '0.1250'),
(24823912300, 'Paul F', 'Bello', 1712, 'COMP', 'Software', '0.2500'),
(24823912300, 'Paul F', 'Bello', 1702, 'COMP', 'Artificial Intelligence', '1.0000'),
(24823912300, 'Paul F', 'Bello', 1706, 'COMP', 'Computer Science Applications', '0.1250'),
(24823912300, 'Paul F', 'Bello', 2800, 'NEUR', 'Neuroscience (all)', '0.1250'),
(24823912300, 'Paul F', 'Bello', 1203, 'ARTS', 'Language and Linguistics', '0.2500'),
(24823912300, 'Paul F', 'Bello', 2201, 'ENGI', 'Engineering (miscellaneous)', '0.1250'),
(24823912300, 'Paul F', 'Bello', 3200, 'PSYC', 'Psychology (all)', '0.1250'),
(24823912300, 'Paul F', 'Bello', 2200, 'ENGI', 'Engineering (all)', '0.8750'),
(24823912300, 'Paul F', 'Bello', 2805, 'NEUR', 'Cognitive Neuroscience', '0.2500'),
(24823912300, 'Paul F', 'Bello', 1211, 'ARTS', 'Philosophy', '0.1250'),
(24823912300, 'Paul F', 'Bello', 1710, 'COMP', 'Information Systems', '0.2500'),
(24823912300, 'Paul F', 'Bello', 1105, 'AGRI', 'Ecology, Evolution, Behavior and Systematics', '0.1250'),
(24823912300, 'Paul F', 'Bello', 3304, 'SOCI', 'Education', '0.1250'),
(24823912300, 'Paul F', 'Bello', 2700, 'MEDI', 'Medicine (all)', '0.1250'),
(24823912300, 'Paul F', 'Bello', 3104, 'PHYS', 'Condensed Matter Physics', '0.3750'),
(24823912300, 'Paul F', 'Bello', 1709, 'COMP', 'Human-Computer Interaction', '0.1250'),
(24823912300, 'Paul F', 'Bello', 3206, 'PSYC', 'Neuropsychology and Physiological Psychology', '0.1250'),
(24823912300, 'Paul F', 'Bello', 2207, 'ENGI', 'Control and Systems Engineering', '0.2500'),
(6603110431, 'David A', 'Ferrucci', 1300, 'BIOC', 'Biochemistry, Genetics and Molecular Biology (all)', '0.2000'),
(6603110431, 'David A', 'Ferrucci', 1800, 'DECI', 'Decision Sciences (all)', '0.2000'),
(6603110431, 'David A', 'Ferrucci', 1704, 'COMP', 'Computer Graphics and Computer-Aided Design', '0.2000'),
(6603110431, 'David A', 'Ferrucci', 1710, 'COMP', 'Information Systems', '0.6000'),
(6603110431, 'David A', 'Ferrucci', 2614, 'MATH', 'Theoretical Computer Science', '0.6000'),
(6603110431, 'David A', 'Ferrucci', 1703, 'COMP', 'Computational Theory and Mathematics', '0.2000'),
(6603110431, 'David A', 'Ferrucci', 1700, 'COMP', 'Computer Science (all)', '0.8000'),
(6603110431, 'David A', 'Ferrucci', 1604, 'CHEM', 'Inorganic Chemistry', '0.4000'),
(6603110431, 'David A', 'Ferrucci', 3310, 'SOCI', 'Linguistics and Language', '0.2000'),
(6603110431, 'David A', 'Ferrucci', 2604, 'MATH', 'Applied Mathematics', '0.2000'),
(6603110431, 'David A', 'Ferrucci', 1712, 'COMP', 'Software', '0.6000'),
(6603110431, 'David A', 'Ferrucci', 1702, 'COMP', 'Artificial Intelligence', '1.0000'),
(6603110431, 'David A', 'Ferrucci', 1400, 'BUSI', 'Business, Management and Accounting (all)', '0.2000'),
(6603110431, 'David A', 'Ferrucci', 1203, 'ARTS', 'Language and Linguistics', '0.2000'),
(6603110431, 'David A', 'Ferrucci', 1706, 'COMP', 'Computer Science Applications', '0.2000'),
(6603110431, 'David A', 'Ferrucci', 2200, 'ENGI', 'Engineering (all)', '0.4000'),
(11043654100, 'Barry', 'Dunmall', 1101, 'AGRI', 'Agricultural and Biological Sciences (miscellaneous)', '1.0000'),
(11043654100, 'Barry', 'Dunmall', 1700, 'COMP', 'Computer Science (all)', '1.0000'),
(11043654100, 'Barry', 'Dunmall', 3200, 'PSYC', 'Psychology (all)', '1.0000'),
(11043654100, 'Barry', 'Dunmall', 1100, 'AGRI', 'Agricultural and Biological Sciences (all)', '1.0000'),
(11043654100, 'Barry', 'Dunmall', 2614, 'MATH', 'Theoretical Computer Science', '1.0000'),
(24824921000, '', '', 1706, 'COMP', 'Computer Science Applications', '1.0000'),
(24824921000, '', '', 1712, 'COMP', 'Software', '1.0000'),
(24824921000, '', '', 2200, 'ENGI', 'Engineering (all)', '1.0000'),
(24824921000, '', '', 3304, 'SOCI', 'Education', '1.0000'),
(6701792423, '', '', 2804, 'NEUR', 'Cellular and Molecular Neuroscience', '0.5000'),
(6701792423, '', '', 2204, 'ENGI', 'Biomedical Engineering', '0.2500'),
(6701792423, '', '', 1000, 'MULT', 'Multidisciplinary', '0.2500'),
(6701792423, '', '', 1712, 'COMP', 'Software', '1.0000'),
(6701792423, '', '', 2207, 'ENGI', 'Control and Systems Engineering', '0.7500'),
(6701792423, '', '', 1311, 'BIOC', 'Genetics', '0.2500'),
(6701792423, '', '', 2800, 'NEUR', 'Neuroscience (all)', '0.5000'),
(6701792423, '', '', 2801, 'NEUR', 'Neuroscience (miscellaneous)', '0.2500'),
(6701792423, '', '', 1702, 'COMP', 'Artificial Intelligence', '1.0000'),
(6701792423, '', '', 2200, 'ENGI', 'Engineering (all)', '0.2500');

-- --------------------------------------------------------

--
-- Structure de la table `cited_by`
--

CREATE TABLE `cited_by` (
  `cited_pid` int(10) UNSIGNED NOT NULL,
  `by_pid` int(10) UNSIGNED NOT NULL
) ENGINE=InnoDB DEFAULT CHARSET=utf8 COLLATE=utf8_unicode_ci;

--
-- RELATIONS POUR LA TABLE `cited_by`:
--   `by_pid`
--       `papers` -> `id`
--   `cited_pid`
--       `papers` -> `id`
--

-- --------------------------------------------------------

--
-- Structure de la table `distinct_author_classification`
--

CREATE TABLE `distinct_author_classification` (
  `scopus_author_id` bigint(20) UNSIGNED NOT NULL,
  `scopus_subject_area_id` int(10) UNSIGNED NOT NULL,
  `frequency` int(10) UNSIGNED NOT NULL
) ENGINE=InnoDB DEFAULT CHARSET=utf8 COLLATE=utf8_unicode_ci;

--
-- RELATIONS POUR LA TABLE `distinct_author_classification`:
--   `scopus_subject_area_id`
--       `scopus_subject_area` -> `scopus_subject_area_id`
--

--
-- Contenu de la table `distinct_author_classification`
--

INSERT INTO `distinct_author_classification` (`scopus_author_id`, `scopus_subject_area_id`, `frequency`) VALUES
(6507061932, 1105, 1),
(6507061932, 1211, 1),
(6507061932, 1300, 5),
(6507061932, 1305, 1),
(6507061932, 1312, 1),
(6507061932, 1700, 22),
(6507061932, 1702, 25),
(6507061932, 1703, 6),
(6507061932, 1704, 1),
(6507061932, 1705, 3),
(6507061932, 1706, 9),
(6507061932, 1707, 2),
(6507061932, 1708, 5),
(6507061932, 1709, 1),
(6507061932, 1710, 10),
(6507061932, 1711, 1),
(6507061932, 1712, 11),
(6507061932, 1802, 1),
(6507061932, 2200, 3),
(6507061932, 2207, 7),
(6507061932, 2208, 1),
(6507061932, 2606, 2),
(6507061932, 2611, 2),
(6507061932, 2614, 19),
(6507061932, 2700, 2),
(6507061932, 3201, 1),
(6507687409, 1211, 1),
(6507687409, 1305, 1),
(6507687409, 1502, 1),
(6507687409, 1700, 1),
(6507687409, 1702, 7),
(6507687409, 1706, 5),
(6507687409, 1707, 5),
(6507687409, 1708, 1),
(6507687409, 1709, 1),
(6507687409, 1712, 2),
(6507687409, 2200, 2),
(6507687409, 2207, 1),
(6507687409, 2208, 2),
(6507687409, 2504, 1),
(6507687409, 2805, 5),
(6507687409, 3201, 1),
(6507687409, 3300, 1),
(6603110431, 1203, 1),
(6603110431, 1300, 1),
(6603110431, 1400, 1),
(6603110431, 1604, 2),
(6603110431, 1700, 4),
(6603110431, 1702, 5),
(6603110431, 1703, 1),
(6603110431, 1704, 1),
(6603110431, 1706, 1),
(6603110431, 1710, 3),
(6603110431, 1712, 3),
(6603110431, 1800, 1),
(6603110431, 2200, 2),
(6603110431, 2604, 1),
(6603110431, 2614, 3),
(6603110431, 3310, 1),
(6603550196, 1203, 5),
(6603550196, 1213, 1),
(6603550196, 1300, 3),
(6603550196, 1700, 10),
(6603550196, 1702, 27),
(6603550196, 1703, 2),
(6603550196, 1705, 4),
(6603550196, 1706, 6),
(6603550196, 1707, 3),
(6603550196, 1708, 1),
(6603550196, 1709, 5),
(6603550196, 1710, 3),
(6603550196, 1712, 19),
(6603550196, 2200, 7),
(6603550196, 2207, 4),
(6603550196, 2208, 3),
(6603550196, 2210, 1),
(6603550196, 2604, 1),
(6603550196, 2605, 2),
(6603550196, 2606, 1),
(6603550196, 2614, 9),
(6603550196, 2805, 5),
(6603550196, 3200, 1),
(6603550196, 3300, 1),
(6603550196, 3304, 2),
(6701318494, 1100, 2),
(6701318494, 1105, 2),
(6701318494, 1200, 2),
(6701318494, 1211, 1),
(6701318494, 1300, 1),
(6701318494, 1302, 1),
(6701318494, 1311, 1),
(6701318494, 1403, 1),
(6701318494, 1405, 1),
(6701318494, 1700, 17),
(6701318494, 1701, 1),
(6701318494, 1702, 58),
(6701318494, 1703, 5),
(6701318494, 1704, 1),
(6701318494, 1706, 10),
(6701318494, 1708, 2),
(6701318494, 1709, 4),
(6701318494, 1710, 3),
(6701318494, 1712, 22),
(6701318494, 1803, 2),
(6701318494, 1900, 1),
(6701318494, 2100, 2),
(6701318494, 2200, 9),
(6701318494, 2206, 3),
(6701318494, 2207, 6),
(6701318494, 2208, 1),
(6701318494, 2300, 1),
(6701318494, 2604, 6),
(6701318494, 2606, 2),
(6701318494, 2611, 1),
(6701318494, 2612, 3),
(6701318494, 2614, 21),
(6701318494, 2700, 2),
(6701318494, 2716, 4),
(6701318494, 2728, 1),
(6701318494, 2800, 2),
(6701318494, 2805, 6),
(6701318494, 3004, 4),
(6701318494, 3100, 1),
(6701318494, 3101, 1),
(6701318494, 3200, 25),
(6701318494, 3201, 1),
(6701318494, 3202, 1),
(6701318494, 3205, 6),
(6701318494, 3206, 1),
(6701318494, 3300, 2),
(6701318494, 3301, 1),
(6701318494, 3305, 1),
(6701792423, 1000, 1),
(6701792423, 1311, 1),
(6701792423, 1702, 4),
(6701792423, 1712, 4),
(6701792423, 2200, 1),
(6701792423, 2204, 1),
(6701792423, 2207, 3),
(6701792423, 2800, 2),
(6701792423, 2801, 1),
(6701792423, 2804, 2),
(6701809259, 1000, 1),
(6701809259, 1103, 1),
(6701809259, 1105, 1),
(6701809259, 1200, 2),
(6701809259, 1203, 1),
(6701809259, 1211, 1),
(6701809259, 1300, 2),
(6701809259, 1305, 2),
(6701809259, 1312, 3),
(6701809259, 1314, 1),
(6701809259, 1404, 1),
(6701809259, 1502, 2),
(6701809259, 1700, 6),
(6701809259, 1702, 19),
(6701809259, 1703, 4),
(6701809259, 1704, 2),
(6701809259, 1708, 3),
(6701809259, 1710, 1),
(6701809259, 1712, 6),
(6701809259, 1802, 1),
(6701809259, 2200, 10),
(6701809259, 2207, 4),
(6701809259, 2208, 1),
(6701809259, 2506, 1),
(6701809259, 2604, 1),
(6701809259, 2611, 1),
(6701809259, 2614, 6),
(6701809259, 2800, 2),
(6701809259, 2802, 2),
(6701809259, 2805, 4),
(6701809259, 3200, 5),
(6701809259, 3201, 1),
(6701809259, 3204, 2),
(6701809259, 3205, 2),
(6701809259, 3206, 2),
(6701809259, 3300, 3),
(6701809259, 3310, 1),
(6701881882, 1212, 1),
(6701881882, 1605, 13),
(6701881882, 1706, 2),
(6701881882, 2600, 7),
(6701881882, 2602, 1),
(6701881882, 2603, 4),
(6701881882, 2604, 4),
(6701881882, 2608, 1),
(6701881882, 2610, 19),
(6701881882, 3100, 52),
(6701881882, 3101, 8),
(6701881882, 3106, 34),
(6701881882, 3107, 10),
(6701881882, 3109, 18),
(6701881882, 3304, 1),
(6701881882, 3316, 1),
(7003896725, 1401, 1),
(7003896725, 1404, 1),
(7003896725, 1405, 1),
(7003896725, 1504, 2),
(7003896725, 1700, 6),
(7003896725, 1702, 1),
(7003896725, 1703, 6),
(7003896725, 1705, 6),
(7003896725, 1706, 3),
(7003896725, 1709, 1),
(7003896725, 1710, 1),
(7003896725, 1711, 3),
(7003896725, 1712, 4),
(7003896725, 1802, 1),
(7003896725, 1803, 3),
(7003896725, 2102, 3),
(7003896725, 2200, 16),
(7003896725, 2207, 13),
(7003896725, 2208, 11),
(7003896725, 2213, 2),
(7003896725, 2600, 1),
(7003896725, 2603, 1),
(7003896725, 2604, 2),
(7003896725, 2611, 1),
(7003896725, 2614, 3),
(7003896725, 2700, 1),
(7003896725, 3105, 2),
(7003896725, 3315, 2),
(7004052541, 1105, 1),
(7004052541, 1203, 2),
(7004052541, 1211, 1),
(7004052541, 1300, 5),
(7004052541, 1303, 1),
(7004052541, 1305, 1),
(7004052541, 1312, 1),
(7004052541, 1504, 1),
(7004052541, 1602, 1),
(7004052541, 1605, 2),
(7004052541, 1700, 27),
(7004052541, 1701, 1),
(7004052541, 1702, 40),
(7004052541, 1703, 14),
(7004052541, 1704, 3),
(7004052541, 1705, 4),
(7004052541, 1706, 16),
(7004052541, 1707, 3),
(7004052541, 1708, 13),
(7004052541, 1709, 3),
(7004052541, 1710, 10),
(7004052541, 1711, 1),
(7004052541, 1712, 21),
(7004052541, 1802, 1),
(7004052541, 1803, 2),
(7004052541, 2200, 6),
(7004052541, 2206, 1),
(7004052541, 2207, 20),
(7004052541, 2208, 3),
(7004052541, 2213, 1),
(7004052541, 2505, 6),
(7004052541, 2507, 6),
(7004052541, 2605, 2),
(7004052541, 2606, 2),
(7004052541, 2611, 2),
(7004052541, 2614, 24),
(7004052541, 2700, 2),
(7004052541, 2800, 1),
(7004052541, 3107, 1),
(7004052541, 3201, 1),
(7004052541, 3310, 2),
(7006294703, 1000, 41),
(7006294703, 1100, 15),
(7006294703, 1105, 14),
(7006294703, 1110, 1),
(7006294703, 1200, 2),
(7006294703, 1201, 6),
(7006294703, 1207, 1),
(7006294703, 1300, 14),
(7006294703, 1303, 5),
(7006294703, 1304, 2),
(7006294703, 1305, 1),
(7006294703, 1307, 10),
(7006294703, 1308, 1),
(7006294703, 1309, 3),
(7006294703, 1310, 2),
(7006294703, 1311, 24),
(7006294703, 1312, 14),
(7006294703, 1314, 34),
(7006294703, 1315, 1),
(7006294703, 1502, 1),
(7006294703, 1700, 1),
(7006294703, 1702, 5),
(7006294703, 1703, 11),
(7006294703, 1706, 2),
(7006294703, 1707, 1),
(7006294703, 1708, 1),
(7006294703, 1711, 1),
(7006294703, 1712, 5),
(7006294703, 2200, 1),
(7006294703, 2204, 4),
(7006294703, 2206, 4),
(7006294703, 2207, 2),
(7006294703, 2208, 1),
(7006294703, 2303, 11),
(7006294703, 2400, 1),
(7006294703, 2600, 1),
(7006294703, 2604, 1),
(7006294703, 2611, 12),
(7006294703, 2613, 1),
(7006294703, 2614, 1),
(7006294703, 2700, 46),
(7006294703, 2703, 3),
(7006294703, 2718, 1),
(7006294703, 2728, 43),
(7006294703, 2731, 5),
(7006294703, 2732, 1),
(7006294703, 2733, 8),
(7006294703, 2736, 1),
(7006294703, 2737, 17),
(7006294703, 2738, 19),
(7006294703, 2740, 6),
(7006294703, 2741, 2),
(7006294703, 2742, 2),
(7006294703, 2800, 102),
(7006294703, 2801, 2),
(7006294703, 2802, 7),
(7006294703, 2803, 4),
(7006294703, 2804, 27),
(7006294703, 2805, 19),
(7006294703, 2806, 1),
(7006294703, 2808, 27),
(7006294703, 2809, 3),
(7006294703, 3000, 1),
(7006294703, 3002, 3),
(7006294703, 3004, 4),
(7006294703, 3200, 5),
(7006294703, 3203, 3),
(7006294703, 3205, 4),
(7006294703, 3206, 3),
(7006294703, 3301, 1),
(7006294703, 3312, 1),
(7006294703, 3316, 1),
(7006294703, 3320, 1),
(7006294703, 3500, 5),
(7006294703, 3612, 1),
(7006294703, 3614, 2),
(7102125350, 1211, 7),
(7102125350, 1212, 2),
(7102125350, 1604, 1),
(7102125350, 1700, 1),
(7102125350, 1702, 10),
(7102125350, 1703, 3),
(7102125350, 1705, 1),
(7102125350, 1706, 1),
(7102125350, 1707, 1),
(7102125350, 1712, 1),
(7102125350, 2609, 2),
(7102125350, 2611, 1),
(7102125350, 2614, 1),
(7102125350, 2805, 1),
(7102125350, 3300, 1),
(7102156170, 1000, 7),
(7102156170, 1100, 16),
(7102156170, 1101, 16),
(7102156170, 1103, 3),
(7102156170, 1105, 10),
(7102156170, 1106, 14),
(7102156170, 1200, 1),
(7102156170, 1201, 5),
(7102156170, 1207, 1),
(7102156170, 1300, 7),
(7102156170, 1303, 8),
(7102156170, 1304, 8),
(7102156170, 1307, 1),
(7102156170, 1308, 1),
(7102156170, 1309, 18),
(7102156170, 1310, 2),
(7102156170, 1311, 4),
(7102156170, 1312, 23),
(7102156170, 1314, 52),
(7102156170, 1700, 4),
(7102156170, 1702, 29),
(7102156170, 1703, 4),
(7102156170, 1705, 2),
(7102156170, 1710, 2),
(7102156170, 1711, 2),
(7102156170, 1712, 2),
(7102156170, 1804, 3),
(7102156170, 1900, 1),
(7102156170, 2200, 1),
(7102156170, 2207, 13),
(7102156170, 2300, 1),
(7102156170, 2303, 4),
(7102156170, 2600, 3),
(7102156170, 2604, 4),
(7102156170, 2611, 4),
(7102156170, 2613, 3),
(7102156170, 2614, 2),
(7102156170, 2700, 31),
(7102156170, 2701, 12),
(7102156170, 2702, 2),
(7102156170, 2712, 2),
(7102156170, 2728, 30),
(7102156170, 2731, 9),
(7102156170, 2736, 1),
(7102156170, 2737, 34),
(7102156170, 2738, 6),
(7102156170, 2739, 4),
(7102156170, 2741, 1),
(7102156170, 2800, 305),
(7102156170, 2801, 7),
(7102156170, 2802, 76),
(7102156170, 2803, 2),
(7102156170, 2804, 17),
(7102156170, 2805, 42),
(7102156170, 2806, 3),
(7102156170, 2808, 31),
(7102156170, 2809, 8),
(7102156170, 2916, 5),
(7102156170, 3000, 1),
(7102156170, 3002, 1),
(7102156170, 3003, 1),
(7102156170, 3004, 13),
(7102156170, 3005, 1),
(7102156170, 3100, 1),
(7102156170, 3109, 1),
(7102156170, 3200, 14),
(7102156170, 3204, 3),
(7102156170, 3205, 15),
(7102156170, 3206, 16),
(7102156170, 3207, 1),
(7102156170, 3300, 1),
(7102156170, 3614, 1),
(7402657185, 1000, 64),
(7402657185, 1100, 20),
(7402657185, 1101, 6),
(7402657185, 1105, 9),
(7402657185, 1200, 3),
(7402657185, 1201, 2),
(7402657185, 1203, 1),
(7402657185, 1300, 10),
(7402657185, 1303, 5),
(7402657185, 1304, 3),
(7402657185, 1305, 1),
(7402657185, 1307, 8),
(7402657185, 1309, 1),
(7402657185, 1311, 31),
(7402657185, 1312, 12),
(7402657185, 1313, 1),
(7402657185, 1314, 15),
(7402657185, 1406, 1),
(7402657185, 1502, 2),
(7402657185, 1600, 2),
(7402657185, 1700, 2),
(7402657185, 1702, 39),
(7402657185, 1703, 9),
(7402657185, 1704, 3),
(7402657185, 1705, 16),
(7402657185, 1706, 1),
(7402657185, 1707, 22),
(7402657185, 1708, 11),
(7402657185, 1709, 1),
(7402657185, 1710, 17),
(7402657185, 1711, 27),
(7402657185, 1712, 9),
(7402657185, 1800, 2),
(7402657185, 1910, 1),
(7402657185, 2002, 2),
(7402657185, 2200, 8),
(7402657185, 2207, 38),
(7402657185, 2208, 35),
(7402657185, 2210, 2),
(7402657185, 2303, 7),
(7402657185, 2400, 1),
(7402657185, 2403, 2),
(7402657185, 2500, 2),
(7402657185, 2504, 8),
(7402657185, 2604, 3),
(7402657185, 2611, 9),
(7402657185, 2613, 1),
(7402657185, 2614, 3),
(7402657185, 2700, 13),
(7402657185, 2716, 1),
(7402657185, 2720, 4),
(7402657185, 2728, 2),
(7402657185, 2731, 68),
(7402657185, 2737, 1),
(7402657185, 2738, 2),
(7402657185, 2746, 1),
(7402657185, 2800, 131),
(7402657185, 2801, 2),
(7402657185, 2802, 7),
(7402657185, 2803, 2),
(7402657185, 2804, 12),
(7402657185, 2805, 21),
(7402657185, 2808, 5),
(7402657185, 2809, 40),
(7402657185, 3002, 1),
(7402657185, 3100, 1),
(7402657185, 3104, 9),
(7402657185, 3107, 3),
(7402657185, 3200, 9),
(7402657185, 3202, 3),
(7402657185, 3204, 1),
(7402657185, 3205, 18),
(7402657185, 3206, 9),
(7402657185, 3309, 1),
(7402657185, 3310, 1),
(7402657185, 3312, 2),
(7402657185, 3315, 1),
(7402657185, 3316, 2),
(7405408905, 1000, 9),
(7405408905, 1100, 3),
(7405408905, 1103, 1),
(7405408905, 1105, 3),
(7405408905, 1201, 1),
(7405408905, 1202, 1),
(7405408905, 1211, 5),
(7405408905, 1300, 19),
(7405408905, 1304, 13),
(7405408905, 1305, 1),
(7405408905, 1314, 1),
(7405408905, 1409, 1),
(7405408905, 1605, 12),
(7405408905, 1700, 25),
(7405408905, 1702, 102),
(7405408905, 1703, 9),
(7405408905, 1705, 1),
(7405408905, 1706, 16),
(7405408905, 1707, 9),
(7405408905, 1708, 9),
(7405408905, 1709, 3),
(7405408905, 1710, 1),
(7405408905, 1711, 3),
(7405408905, 1712, 41),
(7405408905, 1800, 1),
(7405408905, 1802, 1),
(7405408905, 1804, 1),
(7405408905, 2200, 14),
(7405408905, 2201, 1),
(7405408905, 2204, 2),
(7405408905, 2207, 5),
(7405408905, 2208, 20),
(7405408905, 2600, 3),
(7405408905, 2604, 5),
(7405408905, 2609, 1),
(7405408905, 2610, 33),
(7405408905, 2613, 2),
(7405408905, 2614, 27),
(7405408905, 2700, 1),
(7405408905, 2728, 1),
(7405408905, 2738, 1),
(7405408905, 2741, 3),
(7405408905, 2800, 74),
(7405408905, 2801, 1),
(7405408905, 2802, 4),
(7405408905, 2804, 8),
(7405408905, 2805, 53),
(7405408905, 2808, 19),
(7405408905, 3002, 1),
(7405408905, 3100, 86),
(7405408905, 3101, 8),
(7405408905, 3103, 4),
(7405408905, 3104, 2),
(7405408905, 3106, 70),
(7405408905, 3107, 5),
(7405408905, 3109, 36),
(7405408905, 3200, 2),
(7405408905, 3201, 4),
(7405408905, 3204, 1),
(7405408905, 3205, 10),
(7405408905, 3300, 2),
(7405408905, 3303, 1),
(7405408905, 3305, 1),
(7405408905, 3312, 2),
(7405408905, 3320, 1),
(7405408905, 3322, 1),
(7405408905, 3400, 1),
(7405408905, 3612, 1),
(7405408905, 3614, 4),
(7801413307, 1200, 10),
(7801413307, 1203, 4),
(7801413307, 1207, 1),
(7801413307, 1208, 2),
(7801413307, 1211, 16),
(7801413307, 1212, 6),
(7801413307, 2600, 1),
(7801413307, 2609, 3),
(7801413307, 3004, 2),
(7801413307, 3200, 4),
(7801413307, 3205, 2),
(7801413307, 3207, 1),
(7801413307, 3300, 2),
(7801413307, 3310, 5),
(7801413307, 3316, 2),
(7801477210, 1200, 1),
(7801477210, 1202, 1),
(7801477210, 1203, 1),
(7801477210, 1207, 1),
(7801477210, 1208, 1),
(7801477210, 1211, 4),
(7801477210, 1212, 1),
(7801477210, 1312, 1),
(7801477210, 2605, 1),
(7801477210, 2613, 1),
(7801477210, 3004, 1),
(7801477210, 3104, 1),
(7801477210, 3300, 2),
(7801477210, 3301, 1),
(7801477210, 3310, 2),
(7801477210, 3316, 1),
(8707306300, 1300, 4),
(8707306300, 1700, 6),
(8707306300, 1702, 3),
(8707306300, 1706, 1),
(8707306300, 1709, 1),
(8707306300, 1802, 1),
(8707306300, 2200, 4),
(8707306300, 2207, 1),
(8707306300, 2208, 1),
(8707306300, 2614, 4),
(8707306300, 2700, 1),
(9736168000, 1300, 1),
(9736168000, 1700, 1),
(9736168000, 1708, 1),
(9736168000, 2605, 1),
(9736168000, 2614, 1),
(11043654100, 1100, 1),
(11043654100, 1101, 1),
(11043654100, 1700, 1),
(11043654100, 2614, 1),
(11043654100, 3200, 1),
(13105239600, 1211, 1),
(13105239600, 1300, 2),
(13105239600, 1305, 1),
(13105239600, 1502, 1),
(13105239600, 1700, 4),
(13105239600, 1702, 7),
(13105239600, 1707, 1),
(13105239600, 1710, 2),
(13105239600, 2200, 2),
(13105239600, 2207, 2),
(13105239600, 2208, 1),
(13105239600, 2614, 3),
(13105239600, 2800, 2),
(13105239600, 3201, 1),
(13105239600, 3300, 1),
(15762485400, 1201, 1),
(15762485400, 1211, 1),
(15762485400, 1300, 3),
(15762485400, 1303, 1),
(15762485400, 1304, 1),
(15762485400, 1305, 2),
(15762485400, 1313, 1),
(15762485400, 1502, 1),
(15762485400, 1700, 3),
(15762485400, 1701, 1),
(15762485400, 1702, 8),
(15762485400, 1707, 1),
(15762485400, 1709, 3),
(15762485400, 1710, 1),
(15762485400, 1712, 3),
(15762485400, 2200, 2),
(15762485400, 2201, 1),
(15762485400, 2207, 1),
(15762485400, 2208, 1),
(15762485400, 2213, 1),
(15762485400, 2611, 1),
(15762485400, 2614, 2),
(15762485400, 2700, 2),
(15762485400, 2800, 2),
(15762485400, 3200, 1),
(15762485400, 3204, 1),
(15762485400, 3205, 3),
(16070745100, 1105, 2),
(16070745100, 1200, 10),
(16070745100, 1203, 4),
(16070745100, 1207, 2),
(16070745100, 1208, 4),
(16070745100, 1211, 38),
(16070745100, 1212, 8),
(16070745100, 1702, 1),
(16070745100, 2609, 1),
(16070745100, 2700, 1),
(16070745100, 2800, 2),
(16070745100, 3004, 4),
(16070745100, 3200, 2),
(16070745100, 3206, 2),
(16070745100, 3310, 4),
(16070745100, 3316, 4),
(16231088400, 1100, 2),
(16231088400, 1105, 1),
(16231088400, 1300, 2),
(16231088400, 1311, 1),
(16231088400, 1312, 1),
(16231088400, 1703, 1),
(16231088400, 1710, 1),
(16231088400, 2303, 1),
(16231088400, 2611, 1),
(16231088400, 2613, 2),
(16231088400, 2700, 2),
(16231088400, 2800, 1),
(16231088400, 2801, 3),
(16231088400, 2804, 4),
(16231088400, 3100, 6),
(16231088400, 3104, 2),
(16231088400, 3109, 2),
(16440544600, 1200, 2),
(16440544600, 1208, 2),
(16440544600, 1211, 1),
(16440544600, 1212, 4),
(16440544600, 3304, 2),
(16440544600, 3312, 1),
(16440544600, 3316, 2),
(24823912300, 1105, 1),
(24823912300, 1200, 1),
(24823912300, 1203, 2),
(24823912300, 1211, 1),
(24823912300, 1702, 8),
(24823912300, 1706, 1),
(24823912300, 1709, 1),
(24823912300, 1710, 2),
(24823912300, 1712, 2),
(24823912300, 2200, 7),
(24823912300, 2201, 1),
(24823912300, 2207, 2),
(24823912300, 2208, 5),
(24823912300, 2700, 1),
(24823912300, 2800, 1),
(24823912300, 2805, 2),
(24823912300, 3104, 3),
(24823912300, 3200, 1),
(24823912300, 3205, 2),
(24823912300, 3206, 1),
(24823912300, 3304, 1),
(24824921000, 1706, 1),
(24824921000, 1712, 1),
(24824921000, 2200, 1),
(24824921000, 3304, 1),
(26421079400, 1105, 1),
(26421079400, 1211, 1),
(26421079400, 1300, 1),
(26421079400, 1312, 1),
(26421079400, 1700, 3),
(26421079400, 1702, 11),
(26421079400, 1703, 1),
(26421079400, 1704, 1),
(26421079400, 1706, 2),
(26421079400, 1709, 1),
(26421079400, 1710, 2),
(26421079400, 1712, 2),
(26421079400, 2200, 2),
(26421079400, 2207, 2),
(26421079400, 2700, 1),
(26421079400, 3200, 1),
(26421079400, 3201, 1),
(26421079400, 3300, 1),
(26643216300, 1000, 9),
(26643216300, 1100, 4),
(26643216300, 1105, 3),
(26643216300, 1200, 2),
(26643216300, 1207, 1),
(26643216300, 1211, 3),
(26643216300, 1300, 3),
(26643216300, 1314, 3),
(26643216300, 1405, 1),
(26643216300, 1700, 6),
(26643216300, 1702, 8),
(26643216300, 1703, 1),
(26643216300, 1705, 2),
(26643216300, 1706, 1),
(26643216300, 1708, 2),
(26643216300, 1709, 1),
(26643216300, 1710, 5),
(26643216300, 1712, 2),
(26643216300, 1904, 1),
(26643216300, 2200, 1),
(26643216300, 2207, 1),
(26643216300, 2208, 4),
(26643216300, 2303, 1),
(26643216300, 2306, 1),
(26643216300, 2308, 1),
(26643216300, 2604, 1),
(26643216300, 2614, 2),
(26643216300, 2700, 8),
(26643216300, 2701, 1),
(26643216300, 2718, 1),
(26643216300, 2719, 1),
(26643216300, 2728, 2),
(26643216300, 2800, 6),
(26643216300, 2802, 3),
(26643216300, 2910, 1),
(26643216300, 3109, 1),
(26643216300, 3200, 27),
(26643216300, 3201, 1),
(26643216300, 3205, 2),
(26643216300, 3206, 6),
(26643216300, 3300, 3),
(26643216300, 3304, 2),
(26643216300, 3305, 1),
(26643216300, 3308, 1),
(26643216300, 3309, 18),
(26643216300, 3310, 4),
(26643216300, 3312, 1),
(26643216300, 3315, 4),
(26667568400, 1000, 2),
(26667568400, 1100, 1),
(26667568400, 1105, 4),
(26667568400, 1300, 1),
(26667568400, 1311, 4),
(26667568400, 1312, 4),
(26667568400, 1703, 4),
(26667568400, 2303, 4),
(26667568400, 2611, 4),
(26667568400, 2700, 1),
(26667568400, 2800, 2),
(26667568400, 2804, 4),
(26667568400, 3200, 1),
(34969259400, 1105, 1),
(34969259400, 1211, 3),
(34969259400, 1702, 5),
(34969259400, 1707, 3),
(34969259400, 1711, 3),
(34969259400, 2204, 3),
(34969259400, 2700, 1),
(34969259400, 2718, 3),
(34969259400, 2800, 1),
(34969259400, 2801, 1),
(34969259400, 2804, 1),
(34969259400, 2805, 3),
(34969259400, 2806, 1),
(34969259400, 3201, 1),
(34969259400, 3205, 2),
(35562825400, 1105, 3),
(35562825400, 1203, 2),
(35562825400, 1300, 11),
(35562825400, 1700, 33),
(35562825400, 1702, 50),
(35562825400, 1703, 8),
(35562825400, 1704, 1),
(35562825400, 1705, 1),
(35562825400, 1706, 9),
(35562825400, 1707, 6),
(35562825400, 1708, 8),
(35562825400, 1709, 6),
(35562825400, 1710, 2),
(35562825400, 1711, 3),
(35562825400, 1712, 13),
(35562825400, 2200, 21),
(35562825400, 2206, 6),
(35562825400, 2207, 23),
(35562825400, 2208, 8),
(35562825400, 2209, 1),
(35562825400, 2210, 1),
(35562825400, 2600, 1),
(35562825400, 2614, 23),
(35562825400, 2700, 5),
(35562825400, 2701, 1),
(35562825400, 2800, 4),
(35562825400, 2805, 6),
(35562825400, 3103, 1),
(35562825400, 3200, 3),
(35562825400, 3205, 3),
(35562825400, 3206, 3),
(35562825400, 3310, 1),
(35562825400, 3315, 1),
(35569005900, 1300, 1),
(35569005900, 1700, 3),
(35569005900, 1702, 14),
(35569005900, 1706, 6),
(35569005900, 1707, 1),
(35569005900, 1708, 5),
(35569005900, 1709, 3),
(35569005900, 1712, 11),
(35569005900, 2100, 2),
(35569005900, 2200, 6),
(35569005900, 2206, 2),
(35569005900, 2207, 7),
(35569005900, 2208, 4),
(35569005900, 2209, 1),
(35569005900, 2605, 2),
(35569005900, 2614, 1),
(35569005900, 2805, 1),
(35569005900, 3205, 1),
(56019604800, 1105, 2),
(56019604800, 1200, 1),
(56019604800, 1202, 1),
(56019604800, 1203, 3),
(56019604800, 1211, 6),
(56019604800, 1300, 1),
(56019604800, 1314, 1),
(56019604800, 1700, 1),
(56019604800, 1702, 13),
(56019604800, 1707, 2),
(56019604800, 1709, 4),
(56019604800, 1711, 1),
(56019604800, 1712, 1),
(56019604800, 2200, 2),
(56019604800, 2207, 3),
(56019604800, 2208, 2),
(56019604800, 2601, 1),
(56019604800, 2605, 1),
(56019604800, 2700, 3),
(56019604800, 2701, 2),
(56019604800, 2800, 3),
(56019604800, 2802, 1),
(56019604800, 2805, 3),
(56019604800, 3200, 4),
(56019604800, 3201, 1),
(56019604800, 3205, 3),
(56019604800, 3206, 3),
(56019604800, 3207, 1),
(56019604800, 3300, 1),
(56019604800, 3310, 3),
(56019604800, 3312, 1),
(56019604800, 3316, 1),
(56213128400, 1000, 1),
(56213128400, 1105, 1),
(56213128400, 1200, 1),
(56213128400, 1201, 1),
(56213128400, 1211, 3),
(56213128400, 1300, 5),
(56213128400, 1305, 1),
(56213128400, 1405, 2),
(56213128400, 1408, 4),
(56213128400, 1502, 1),
(56213128400, 1602, 2),
(56213128400, 1700, 4),
(56213128400, 1702, 19),
(56213128400, 1705, 1),
(56213128400, 1706, 5),
(56213128400, 1707, 9),
(56213128400, 1708, 1),
(56213128400, 1709, 2),
(56213128400, 1710, 6),
(56213128400, 1711, 5),
(56213128400, 1712, 3),
(56213128400, 1900, 1),
(56213128400, 2200, 18),
(56213128400, 2207, 7),
(56213128400, 2208, 30),
(56213128400, 2209, 2),
(56213128400, 2300, 1),
(56213128400, 2604, 1),
(56213128400, 2611, 1),
(56213128400, 2614, 4),
(56213128400, 2700, 3),
(56213128400, 2800, 9),
(56213128400, 2805, 5),
(56213128400, 3100, 1),
(56213128400, 3200, 1),
(56213128400, 3201, 2),
(56213128400, 3204, 1),
(56213128400, 3205, 2),
(56213128400, 3300, 1),
(56213128400, 3309, 3),
(56489581600, 1700, 1),
(56489581600, 1706, 1),
(56489581600, 2207, 1),
(56489581600, 2210, 1),
(56489581600, 2606, 1);

-- --------------------------------------------------------

--
-- Structure de la table `features`
--

CREATE TABLE `features` (
  `id` int(10) UNSIGNED NOT NULL,
  `name` varchar(250) COLLATE utf8_unicode_ci NOT NULL
) ENGINE=InnoDB DEFAULT CHARSET=utf8 COLLATE=utf8_unicode_ci;

--
-- RELATIONS POUR LA TABLE `features`:
--

--
-- Contenu de la table `features`
--

INSERT INTO `features` (`id`, `name`) VALUES
(100, 'A-Consciousness'),
(15, 'Ability to fabricate sensations'),
(82, 'Ability to notice facts about itself'),
(14, 'Ability to recall'),
(78, 'Advanced communication skills'),
(60, 'Adventurousness'),
(16, 'Affective states'),
(84, 'Amodal perception'),
(27, 'Analogue rather than digital'),
(25, 'Atoms function implementation'),
(9, 'Attention'),
(34, 'Awareness of inner speech'),
(35, 'Awareness of inner speech conten'),
(102, 'Believable consciousness'),
(22, 'Brain function implementation'),
(93, 'Cause-effect'),
(88, 'Composition'),
(86, 'Conscious experience'),
(6, 'Creativity'),
(7, 'Depiction'),
(98, 'Desires'),
(103, 'Differentiation'),
(94, 'Dynamical representation'),
(65, 'Embodiement'),
(11, 'Emotion'),
(73, 'Empathy'),
(91, 'Exclusion'),
(87, 'Existence'),
(95, 'Focusing of energetic resources'),
(96, 'Focusing of informational resources'),
(19, 'Global functions of human brain'),
(97, 'Global workspace dynamics'),
(33, 'Grounded meanings'),
(30, 'Grounding'),
(63, 'Hesitation-koch criterion'),
(38, 'Higher order thoughts'),
(2, 'Human behavior'),
(105, 'Human information-processing capabilities'),
(5, 'Human sensorimotor capacities'),
(81, 'Human-level cognitive skills'),
(8, 'Imagination'),
(13, 'Imagination states'),
(89, 'Information'),
(17, 'Information integration'),
(32, 'Inner speech'),
(53, 'Insight learning'),
(90, 'Integration'),
(3, 'Intellectual capacities of a man'),
(101, 'Intelligence'),
(99, 'Intentionality'),
(37, 'Language'),
(68, 'Learning'),
(67, 'Memory'),
(54, 'Mental simulation'),
(18, 'Mirror image cognition'),
(23, 'Module functions implementation'),
(71, 'Multiple goals'),
(4, 'Natural human answer'),
(24, 'Neuron function implementation'),
(20, 'Operation rate'),
(59, 'Opting from alternatives'),
(36, 'Owning'),
(92, 'P-consciousness'),
(69, 'Perception'),
(12, 'Perceptual states'),
(10, 'Planning'),
(51, 'Presence'),
(62, 'Proto-intentionality'),
(61, 'Psychodynamics'),
(58, 'Qualia'),
(79, 'Scientific knowledge aquisition behavior'),
(31, 'Self awareness'),
(72, 'Self consciousness'),
(29, 'Self model'),
(76, 'Self-reference'),
(70, 'Sensorimotor coordination'),
(85, 'Sensorimotor integration'),
(64, 'Simulation of world and self-dawkins criterion'),
(66, 'Situatedness'),
(77, 'Sociability'),
(28, 'Somatosensory system'),
(104, 'Strategy'),
(26, 'Time slicing'),
(52, 'Volition');

-- --------------------------------------------------------

--
-- Structure de la table `features-global_features`
--

CREATE TABLE `features-global_features` (
  `f_id` int(10) UNSIGNED NOT NULL,
  `g_id` int(10) UNSIGNED NOT NULL
) ENGINE=InnoDB DEFAULT CHARSET=utf8 COLLATE=utf8_unicode_ci;

--
-- RELATIONS POUR LA TABLE `features-global_features`:
--   `f_id`
--       `features` -> `id`
--   `g_id`
--       `global_features` -> `id`
--   `f_id`
--       `features` -> `id`
--   `g_id`
--       `global_features` -> `id`
--

--
-- Contenu de la table `features-global_features`
--

INSERT INTO `features-global_features` (`f_id`, `g_id`) VALUES
(2, 2),
(3, 10),
(4, 2),
(4, 11),
(5, 9),
(6, 4),
(7, 12),
(8, 12),
(9, 6),
(10, 10),
(11, 2),
(12, 7),
(13, 12),
(14, 13),
(15, 12),
(16, 10),
(17, 1),
(17, 8),
(18, 5),
(19, 3),
(20, 3),
(22, 3),
(23, 3),
(24, 3),
(25, 3),
(26, 3),
(27, 3),
(28, 9),
(29, 5),
(30, 9),
(31, 5),
(32, 11),
(32, 12),
(33, 9),
(34, 5),
(35, 5),
(36, 5),
(37, 11),
(38, 10),
(51, 5),
(52, 4),
(53, 10),
(54, 12),
(58, 8),
(59, 4),
(60, 2),
(61, 2),
(62, 6),
(63, 4),
(64, 12),
(65, 9),
(66, 5),
(67, 13),
(68, 10),
(69, 7),
(70, 9),
(71, 10),
(72, 5),
(73, 2),
(76, 5),
(77, 2),
(78, 11),
(79, 10),
(81, 10),
(82, 5),
(84, 7),
(85, 9),
(86, 8),
(87, 4),
(88, 1),
(89, 1),
(90, 1),
(91, 1),
(92, 8),
(93, 4),
(95, 10),
(96, 10),
(97, 3),
(98, 4),
(99, 6),
(100, 6),
(101, 10),
(102, 2),
(103, 10),
(104, 10),
(105, 10);

-- --------------------------------------------------------

--
-- Structure de la table `feature_paper`
--

CREATE TABLE `feature_paper` (
  `f_id` int(10) UNSIGNED NOT NULL,
  `p_id` int(10) UNSIGNED NOT NULL
) ENGINE=InnoDB DEFAULT CHARSET=utf8 COLLATE=utf8_unicode_ci;

--
-- RELATIONS POUR LA TABLE `feature_paper`:
--   `f_id`
--       `features` -> `id`
--   `p_id`
--       `papers` -> `id`
--

--
-- Contenu de la table `feature_paper`
--

INSERT INTO `feature_paper` (`f_id`, `p_id`) VALUES
(2, 4),
(2, 9),
(2, 29),
(2, 40),
(2, 41),
(2, 45),
(3, 40),
(4, 4),
(4, 9),
(4, 29),
(4, 40),
(4, 41),
(5, 4),
(5, 41),
(6, 30),
(6, 42),
(6, 48),
(7, 9),
(7, 12),
(7, 29),
(7, 43),
(8, 9),
(8, 12),
(8, 29),
(8, 30),
(8, 36),
(8, 43),
(9, 9),
(9, 12),
(9, 29),
(9, 36),
(9, 43),
(9, 45),
(9, 46),
(10, 9),
(10, 12),
(10, 29),
(10, 43),
(11, 9),
(11, 12),
(11, 29),
(11, 36),
(11, 43),
(11, 45),
(11, 46),
(12, 9),
(12, 29),
(12, 43),
(13, 9),
(13, 29),
(13, 43),
(14, 43),
(15, 43),
(16, 43),
(17, 1),
(17, 3),
(17, 6),
(17, 8),
(17, 9),
(17, 13),
(17, 25),
(17, 29),
(17, 34),
(17, 39),
(17, 47),
(18, 9),
(18, 22),
(18, 29),
(19, 37),
(19, 38),
(20, 37),
(20, 38),
(22, 37),
(22, 38),
(23, 37),
(23, 38),
(24, 37),
(24, 38),
(25, 37),
(25, 38),
(26, 37),
(26, 38),
(27, 37),
(27, 38),
(28, 20),
(28, 23),
(29, 9),
(29, 20),
(29, 23),
(29, 29),
(29, 39),
(30, 12),
(30, 20),
(30, 23),
(31, 9),
(31, 20),
(31, 23),
(31, 29),
(31, 45),
(31, 46),
(32, 9),
(32, 23),
(32, 29),
(32, 31),
(33, 19),
(33, 23),
(33, 31),
(34, 9),
(34, 23),
(34, 29),
(34, 31),
(35, 23),
(35, 31),
(36, 23),
(36, 31),
(37, 5),
(37, 9),
(37, 10),
(37, 19),
(37, 29),
(37, 45),
(38, 19),
(38, 45),
(38, 46),
(51, 36),
(52, 2),
(52, 36),
(53, 44),
(54, 44),
(58, 1),
(58, 3),
(58, 4),
(58, 9),
(58, 12),
(58, 13),
(58, 34),
(59, 16),
(60, 30),
(61, 30),
(62, 30),
(63, 30),
(64, 30),
(65, 9),
(65, 12),
(65, 29),
(65, 45),
(65, 48),
(66, 12),
(66, 45),
(66, 46),
(66, 48),
(67, 9),
(67, 29),
(67, 45),
(67, 46),
(68, 9),
(68, 29),
(68, 45),
(68, 46),
(69, 9),
(69, 29),
(69, 45),
(70, 9),
(70, 29),
(70, 45),
(70, 46),
(71, 9),
(71, 29),
(71, 45),
(71, 46),
(72, 9),
(72, 29),
(72, 45),
(72, 46),
(73, 9),
(73, 29),
(73, 45),
(73, 46),
(76, 9),
(76, 29),
(76, 45),
(77, 9),
(77, 29),
(77, 46),
(78, 9),
(78, 29),
(78, 46),
(79, 2),
(79, 11),
(79, 12),
(81, 9),
(81, 29),
(82, 10),
(84, 5),
(85, 5),
(86, 1),
(86, 3),
(86, 48),
(87, 1),
(87, 3),
(88, 1),
(88, 3),
(89, 1),
(89, 3),
(90, 1),
(90, 3),
(91, 1),
(91, 3),
(92, 2),
(93, 3),
(94, 39),
(95, 39),
(96, 39),
(97, 39),
(98, 30),
(99, 4),
(100, 4),
(101, 4),
(101, 29),
(101, 41),
(102, 21),
(103, 47),
(104, 9),
(105, 10);

-- --------------------------------------------------------

--
-- Structure de la table `field`
--

CREATE TABLE `field` (
  `id` int(10) UNSIGNED NOT NULL,
  `name` varchar(24) CHARACTER SET utf8 NOT NULL
) ENGINE=InnoDB DEFAULT CHARSET=utf8 COLLATE=utf8_unicode_ci;

--
-- RELATIONS POUR LA TABLE `field`:
--

--
-- Contenu de la table `field`
--

INSERT INTO `field` (`id`, `name`) VALUES
(1, 'Computer Science'),
(2, 'Artificial Intelligence'),
(3, 'Social Sciences'),
(4, 'Electronics');

-- --------------------------------------------------------

--
-- Structure de la table `field_parent`
--

CREATE TABLE `field_parent` (
  `parent-id` int(10) UNSIGNED NOT NULL,
  `child-id` int(10) UNSIGNED NOT NULL
) ENGINE=InnoDB DEFAULT CHARSET=utf8 COLLATE=utf8_unicode_ci;

--
-- RELATIONS POUR LA TABLE `field_parent`:
--   `child-id`
--       `field` -> `id`
--   `parent-id`
--       `field` -> `id`
--

--
-- Contenu de la table `field_parent`
--

INSERT INTO `field_parent` (`parent-id`, `child-id`) VALUES
(1, 2);

-- --------------------------------------------------------

--
-- Structure de la table `global_features`
--

CREATE TABLE `global_features` (
  `id` int(10) UNSIGNED NOT NULL,
  `label` varchar(60) CHARACTER SET latin1 NOT NULL
) ENGINE=InnoDB DEFAULT CHARSET=utf8 COLLATE=utf8_unicode_ci;

--
-- RELATIONS POUR LA TABLE `global_features`:
--

--
-- Contenu de la table `global_features`
--

INSERT INTO `global_features` (`id`, `label`) VALUES
(6, 'A-Consciousness'),
(9, 'Embodiment'),
(2, 'External behavior'),
(12, 'Imagination'),
(3, 'Imitation of human brain'),
(1, 'Information integration'),
(10, 'Intelligence'),
(11, 'Language'),
(13, 'Memory'),
(7, 'Perception'),
(8, 'Qualia'),
(5, 'Self'),
(4, 'Volition');

-- --------------------------------------------------------

--
-- Structure de la table `institution`
--

CREATE TABLE `institution` (
  `id` int(10) UNSIGNED NOT NULL,
  `name` varchar(60) COLLATE utf8_unicode_ci NOT NULL,
  `city` varchar(60) COLLATE utf8_unicode_ci NOT NULL,
  `country` varchar(60) COLLATE utf8_unicode_ci NOT NULL,
  `type` set('university','industry','','') COLLATE utf8_unicode_ci NOT NULL
) ENGINE=InnoDB DEFAULT CHARSET=utf8 COLLATE=utf8_unicode_ci;

--
-- RELATIONS POUR LA TABLE `institution`:
--

--
-- Contenu de la table `institution`
--

INSERT INTO `institution` (`id`, `name`, `city`, `country`, `type`) VALUES
(1, 'Imperial College', 'London', 'UK', 'university'),
(2, 'Brunel University School of Social Sciences', 'London', 'UK', 'university'),
(3, 'Brunel University', 'London', 'UK', 'university'),
(4, ' Standard Telephone and Cable', 'London', 'UK', 'industry'),
(5, 'Queen Mary College', 'London', 'UK', 'university'),
(6, 'University of Kent', 'Canterbury', 'UK', 'university');

-- --------------------------------------------------------

--
-- Structure de la table `papers`
--

CREATE TABLE `papers` (
  `id` int(10) UNSIGNED NOT NULL,
  `xls_ref` varchar(7) CHARACTER SET utf8 DEFAULT NULL,
  `title` varchar(124) COLLATE utf8_unicode_ci NOT NULL,
  `year` year(4) NOT NULL,
  `publication_type` set('article','book','book section','proceedings','phd thesis') COLLATE utf8_unicode_ci NOT NULL,
  `citations_count_gsc` int(10) UNSIGNED DEFAULT NULL,
  `citations_count_sco` int(10) UNSIGNED DEFAULT NULL,
  `contribution` set('new test','improvement','repetition','') COLLATE utf8_unicode_ci DEFAULT NULL,
  `x_refs_check` tinyint(1) NOT NULL DEFAULT '0',
  `authors_opinion` varchar(250) COLLATE utf8_unicode_ci NOT NULL
) ENGINE=InnoDB DEFAULT CHARSET=utf8 COLLATE=utf8_unicode_ci;

--
-- RELATIONS POUR LA TABLE `papers`:
--

--
-- Contenu de la table `papers`
--

INSERT INTO `papers` (`id`, `xls_ref`, `title`, `year`, `publication_type`, `citations_count_gsc`, `citations_count_sco`, `contribution`, `x_refs_check`, `authors_opinion`) VALUES
(1, '2014-X1', 'From the Phenomenology to the Mechanisms of Consciousness: Integrated Information Theory 3.0', 2014, 'article', 18, 8, 'improvement', 0, ''),
(2, '2014-G2', 'The Revolutions of Scientific Structure', 2014, 'book', 0, 0, 'improvement', 1, ''),
(3, '2014-G1', 'Consciousness: Here, There but Not Everywhere', 2014, 'article', 4, 0, 'improvement', 1, ''),
(4, '2012-G2', 'Could There be a Turing Test for Qualia?', 2012, 'proceedings', 0, 0, 'improvement', 1, ''),
(5, '2012-G1', 'Consciousness and robot sentience', 2012, 'book', 11, 0, 'new test', 1, ''),
(6, '2011-G3', 'A Test for Consciousness', 2011, 'article', 27, 11, 'repetition', 1, ''),
(8, '2011-G1', 'Testing for Consciousness in Machines', 2011, 'article', 2, 0, 'repetition', 1, ''),
(9, '2010-X3', 'The Cognitive Development of Machine Consciousness Implementations', 2010, 'article', 5, 5, 'improvement', 0, ''),
(10, '2010-X1', 'An Alternative To Working On Machine Consciousness', 2010, 'article', 28, 16, 'new test', 0, ''),
(11, '2010-G1', 'The Well-Tested Young Scientist', 2010, 'article', 0, 0, 'improvement', 0, ''),
(12, '2009-G3', 'An Empirical Framework for Objective Testing for P-Consciousness in an Artificial Agent', 2009, 'article', 6, 0, 'new test', 0, ''),
(13, '2008-X2', 'Consciousness as Integrated Information: a Provisional Manifesto', 2008, 'article', 411, 236, 'improvement', 0, ''),
(16, '2008-G3', 'Consciousness and quantum mechanics: Opting from alternatives', 2008, 'article', 6, 1, 'new test', 0, ''),
(19, '2007-X2', 'A computational neuroscience approach to consciousness', 2007, 'article', 45, 26, 'new test', 0, ''),
(20, '2007-X1', 'Reflections of consciousness: The mirror test', 2007, 'proceedings', 13, 7, 'improvement', 0, ''),
(21, '2007-G1', 'Consciousness of Crowds-The Internet As a Knowledge Source of Human’s Conscious Behavior and Machine Self-Understanding', 2007, 'proceedings', 5, 2, 'improvement', 0, ''),
(22, '2005-X1', 'Experiments and examination of mirror image cognition using a small robot', 2005, 'proceedings', 32, 22, 'improvement', 0, ''),
(23, NULL, 'Creation of a Conscious Robot', 2012, 'book', 8, 4, 'repetition', 0, ''),
(25, '2004-X1', 'An Information Integration Theory of Consciousness', 2004, 'article', 585, 375, 'new test', 0, ''),
(29, NULL, 'ConsScale: A pragmatic scale for measuring the level of consciousness in artificial agents', 2010, 'article', 18, 13, 'improvement', 0, ''),
(30, '2009-G4', 'Toward Machines that Can Daydream', 2008, 'proceedings', 5, 1, 'new test', 0, ''),
(31, NULL, 'Robot Brains : Circuits and Systems for Conscious Machines', 2007, 'book', 63, 39, 'improvement', 0, ''),
(34, NULL, 'Integrated information theory of consciousness: an updated account', 2012, 'article', 56, 28, 'improvement', 0, ''),
(36, NULL, 'Why Axiomatic Models of Being Conscious?', 2007, 'article', 15, 10, 'repetition', 0, ''),
(37, NULL, 'The Development and Analysis of Conscious Machines', 2008, 'phd thesis', 19, NULL, 'improvement', 0, ''),
(38, NULL, 'An ordinal probability scale for synthetic phenomenology', 2005, 'proceedings', 10, 6, 'new test', 0, ''),
(39, NULL, 'Characterizing human-like consciousness: An integrative approach', 2014, 'proceedings', 0, 0, 'new test', 0, ''),
(40, NULL, 'Computing Machinery and Intelligence', 1950, 'article', 7452, NULL, 'new test', 0, 'machines can think, learn, compare to human intelligence'),
(41, NULL, 'Other bodies Other Minds: A Machine Incarnation of an old Philosophical Problem', 1991, 'article', 175, 66, 'new test', 0, 'machines can have minds'),
(42, NULL, 'Creativity, the Turing test, and the (better) Lovelace Test', 2001, 'article', 46, 18, 'new test', 0, ''),
(43, NULL, 'Axioms and Tests for the Presence of Minimal Consciousness in Agents', 2003, 'article', 108, 57, 'new test', 0, ''),
(44, NULL, 'Testing for machine consciousness using insight learning', 2007, 'proceedings', 1, 0, 'new test', 0, ''),
(45, NULL, 'Criteria for consciousness in artificial intelligent agents', 2008, 'proceedings', 6, 0, 'new test', 0, ''),
(46, NULL, 'ConsScale: A plausible test for machine consciouness?', 2008, 'proceedings', 2, 0, 'improvement', 0, ''),
(47, '2008-G1', 'Can Machines Be Conscious?', 2008, 'article', 58, 22, 'new test', 0, ''),
(48, NULL, 'Jazz and machine consciousness: Towards a new turing test', 2012, 'proceedings', 1, 1, 'new test', 0, '');

-- --------------------------------------------------------

--
-- Structure de la table `paper_author`
--

CREATE TABLE `paper_author` (
  `au_id` int(10) UNSIGNED NOT NULL,
  `p_id` int(10) UNSIGNED NOT NULL
) ENGINE=InnoDB DEFAULT CHARSET=utf8 COLLATE=utf8_unicode_ci;

--
-- RELATIONS POUR LA TABLE `paper_author`:
--   `au_id`
--       `authors` -> `id`
--   `p_id`
--       `papers` -> `id`
--

--
-- Contenu de la table `paper_author`
--

INSERT INTO `paper_author` (`au_id`, `p_id`) VALUES
(3, 1),
(3, 13),
(3, 8),
(3, 6),
(2, 6),
(2, 8),
(2, 3),
(4, 1),
(5, 1),
(1, 2),
(7, 4),
(8, 5),
(9, 9),
(10, 9),
(11, 9),
(14, 10),
(1, 12),
(22, 16),
(23, 16),
(1, 11),
(24, 19),
(8, 20),
(26, 21),
(27, 21),
(28, 23),
(9, 29),
(10, 29),
(11, 29),
(15, 30),
(16, 30),
(8, 31),
(28, 22),
(47, 22),
(48, 22),
(3, 25),
(3, 34),
(36, 36),
(50, 36),
(51, 37),
(51, 38),
(52, 39),
(53, 40),
(41, 41),
(38, 42),
(39, 42),
(40, 42),
(37, 43),
(36, 43),
(3, 3),
(51, 38),
(24, 19),
(44, 44),
(45, 44),
(15, 30),
(16, 30),
(9, 45),
(10, 45),
(11, 45),
(9, 46),
(10, 46),
(11, 46),
(3, 47),
(2, 47),
(8, 31),
(42, 48),
(43, 48);

-- --------------------------------------------------------

--
-- Structure de la table `paper_source`
--

CREATE TABLE `paper_source` (
  `paper_id` int(10) UNSIGNED NOT NULL,
  `source_id` tinyint(3) UNSIGNED NOT NULL
) ENGINE=InnoDB DEFAULT CHARSET=utf8 COLLATE=utf8_unicode_ci;

--
-- RELATIONS POUR LA TABLE `paper_source`:
--   `paper_id`
--       `papers` -> `id`
--   `source_id`
--       `source` -> `id`
--

-- --------------------------------------------------------

--
-- Structure de la table `paper_test`
--

CREATE TABLE `paper_test` (
  `paper_id` int(10) UNSIGNED NOT NULL,
  `test_id` int(10) UNSIGNED NOT NULL,
  `contribution` enum('creation','improvement','variant','repetition') COLLATE utf8_unicode_ci DEFAULT NULL,
  `practical_implementation` tinyint(1) NOT NULL DEFAULT '0'
) ENGINE=InnoDB DEFAULT CHARSET=utf8 COLLATE=utf8_unicode_ci;

--
-- RELATIONS POUR LA TABLE `paper_test`:
--   `paper_id`
--       `papers` -> `id`
--   `test_id`
--       `test` -> `id`
--

--
-- Contenu de la table `paper_test`
--

INSERT INTO `paper_test` (`paper_id`, `test_id`, `contribution`, `practical_implementation`) VALUES
(1, 1, 'improvement', 0),
(2, 2, 'improvement', 1),
(3, 1, 'improvement', 0),
(4, 5, 'creation', 1),
(4, 9, 'improvement', 1),
(4, 21, 'improvement', 1),
(5, 11, 'creation', 1),
(6, 12, 'creation', 1),
(8, 12, 'repetition', 1),
(9, 14, 'improvement', 1),
(10, 20, 'creation', 0),
(11, 2, 'improvement', 1),
(11, 20, 'improvement', 1),
(12, 2, 'creation', 1),
(13, 1, 'creation', 0),
(16, 3, 'creation', 0),
(19, 6, 'creation', 0),
(20, 7, 'creation', 1),
(20, 8, 'variant', 1),
(21, 9, 'repetition', 0),
(22, 8, 'improvement', 1),
(23, 8, 'improvement', 1),
(25, 1, 'creation', 0),
(29, 14, 'improvement', 1),
(30, 15, 'creation', 1),
(31, 16, 'creation', 0),
(34, 1, 'improvement', 0),
(36, 17, 'repetition', 0),
(37, 18, 'improvement', 1),
(38, 18, 'creation', 1),
(39, 19, 'creation', 0),
(40, 9, 'creation', 1),
(41, 21, 'creation', 1),
(42, 22, 'creation', 1),
(43, 17, 'creation', 0),
(44, 23, 'creation', 1),
(45, 14, 'creation', 0),
(46, 14, 'improvement', 0),
(47, 12, 'creation', 1),
(48, 24, 'creation', 0);

-- --------------------------------------------------------

--
-- Structure de la table `postulated_tested_features`
--

CREATE TABLE `postulated_tested_features` (
  `t_id` int(10) UNSIGNED NOT NULL,
  `Attention` tinyint(1) NOT NULL DEFAULT '0',
  `Awareness` tinyint(1) NOT NULL DEFAULT '0',
  `Creativity` tinyint(1) NOT NULL DEFAULT '0',
  `Grounding` tinyint(1) NOT NULL DEFAULT '0',
  `Intelligence` tinyint(1) NOT NULL DEFAULT '0',
  `Intentionality` tinyint(1) NOT NULL DEFAULT '0',
  `Language` tinyint(1) NOT NULL DEFAULT '0',
  `Qualia` tinyint(1) NOT NULL DEFAULT '0',
  `Self` tinyint(1) NOT NULL DEFAULT '0',
  `Volition` tinyint(1) NOT NULL DEFAULT '0',
  `Imagination` tinyint(1) NOT NULL,
  `Emotion` tinyint(1) NOT NULL,
  `Perception` tinyint(1) NOT NULL,
  `Dynamism` tinyint(1) NOT NULL DEFAULT '0'
) ENGINE=InnoDB DEFAULT CHARSET=utf8 COLLATE=utf8_unicode_ci;

--
-- RELATIONS POUR LA TABLE `postulated_tested_features`:
--   `t_id`
--       `test` -> `id`
--

--
-- Contenu de la table `postulated_tested_features`
--

INSERT INTO `postulated_tested_features` (`t_id`, `Attention`, `Awareness`, `Creativity`, `Grounding`, `Intelligence`, `Intentionality`, `Language`, `Qualia`, `Self`, `Volition`, `Imagination`, `Emotion`, `Perception`, `Dynamism`) VALUES
(1, 0, 0, 0, 0, 0, 0, 0, 1, 1, 0, 0, 0, 1, 0),
(2, 0, 0, 1, 0, 1, 0, 0, 1, 1, 1, 1, 0, 1, 0),
(3, 0, 0, 1, 0, 0, 0, 0, 0, 1, 1, 0, 0, 0, 0),
(5, 0, 1, 0, 1, 1, 1, 1, 1, 1, 1, 0, 1, 1, 0),
(6, 0, 0, 0, 1, 0, 0, 1, 1, 1, 0, 0, 1, 1, 0),
(7, 0, 1, 0, 1, 0, 0, 0, 0, 1, 0, 0, 0, 0, 0),
(8, 0, 1, 0, 0, 0, 0, 0, 0, 1, 0, 0, 0, 0, 0),
(9, 0, 0, 0, 0, 1, 0, 1, 0, 0, 0, 0, 0, 0, 0),
(11, 0, 0, 0, 0, 1, 0, 1, 1, 0, 0, 0, 0, 0, 0),
(12, 0, 0, 0, 0, 1, 0, 0, 0, 1, 0, 0, 0, 0, 0),
(14, 1, 0, 1, 1, 1, 0, 1, 0, 1, 1, 1, 1, 1, 0),
(15, 0, 1, 1, 0, 0, 1, 0, 0, 1, 0, 1, 1, 1, 0),
(16, 0, 1, 0, 1, 1, 0, 1, 0, 1, 1, 0, 0, 1, 0),
(17, 1, 0, 1, 0, 0, 0, 0, 0, 1, 1, 1, 1, 1, 0),
(18, 0, 0, 0, 0, 0, 0, 0, 1, 0, 0, 0, 0, 1, 1),
(19, 1, 1, 0, 0, 0, 0, 0, 0, 1, 0, 0, 0, 1, 1),
(21, 1, 0, 1, 0, 1, 0, 1, 0, 1, 1, 0, 0, 0, 0),
(22, 0, 0, 1, 0, 0, 0, 0, 0, 0, 0, 0, 0, 0, 0),
(23, 1, 0, 1, 0, 1, 0, 0, 0, 1, 1, 1, 1, 1, 0),
(24, 0, 0, 1, 1, 1, 0, 0, 1, 1, 0, 1, 1, 1, 0);

-- --------------------------------------------------------

--
-- Structure de la table `postulated_tested_features_by_paper`
--

CREATE TABLE `postulated_tested_features_by_paper` (
  `p_id` int(10) UNSIGNED NOT NULL,
  `Attention` tinyint(1) NOT NULL DEFAULT '0',
  `Awareness` tinyint(1) NOT NULL DEFAULT '0',
  `Creativity` tinyint(1) NOT NULL DEFAULT '0',
  `Grounding` tinyint(1) NOT NULL DEFAULT '0',
  `Intelligence` tinyint(1) NOT NULL DEFAULT '0',
  `Intentionality` tinyint(1) NOT NULL DEFAULT '0',
  `Language` tinyint(1) NOT NULL DEFAULT '0',
  `Qualia` tinyint(1) NOT NULL DEFAULT '0',
  `Self` tinyint(1) NOT NULL DEFAULT '0',
  `Volition` tinyint(1) NOT NULL DEFAULT '0',
  `Imagination` tinyint(1) NOT NULL DEFAULT '0',
  `Emotion` tinyint(1) NOT NULL DEFAULT '0',
  `Perception` tinyint(1) NOT NULL DEFAULT '0',
  `Dynamism` tinyint(1) NOT NULL DEFAULT '0'
) ENGINE=InnoDB DEFAULT CHARSET=utf8 COLLATE=utf8_unicode_ci;

--
-- RELATIONS POUR LA TABLE `postulated_tested_features_by_paper`:
--   `p_id`
--       `papers` -> `id`
--

--
-- Contenu de la table `postulated_tested_features_by_paper`
--

INSERT INTO `postulated_tested_features_by_paper` (`p_id`, `Attention`, `Awareness`, `Creativity`, `Grounding`, `Intelligence`, `Intentionality`, `Language`, `Qualia`, `Self`, `Volition`, `Imagination`, `Emotion`, `Perception`, `Dynamism`) VALUES
(1, 0, 0, 0, 0, 0, 0, 0, 1, 1, 0, 0, 0, 1, 0),
(2, 0, 1, 1, 0, 1, 0, 0, 1, 1, 1, 1, 0, 1, 0),
(3, 0, 0, 0, 0, 0, 0, 0, 1, 1, 0, 0, 0, 1, 0),
(4, 0, 1, 0, 1, 1, 1, 1, 1, 1, 1, 0, 1, 1, 0),
(5, 0, 0, 0, 0, 1, 0, 1, 1, 0, 0, 0, 0, 1, 0),
(6, 0, 0, 0, 0, 1, 0, 0, 1, 0, 0, 0, 0, 1, 0),
(8, 0, 0, 0, 0, 1, 0, 0, 1, 0, 0, 0, 0, 1, 0),
(9, 1, 0, 1, 1, 1, 0, 1, 0, 1, 1, 1, 1, 1, 0),
(10, 0, 0, 1, 1, 1, 0, 1, 0, 1, 0, 1, 0, 1, 0),
(11, 0, 1, 1, 0, 1, 0, 0, 1, 1, 1, 1, 0, 1, 0),
(12, 0, 1, 1, 0, 1, 0, 0, 1, 1, 1, 1, 0, 1, 0),
(13, 0, 0, 0, 0, 0, 0, 0, 1, 1, 0, 0, 0, 1, 0),
(16, 0, 0, 1, 0, 0, 0, 0, 0, 1, 1, 0, 0, 0, 0),
(19, 0, 0, 0, 1, 0, 0, 1, 1, 1, 0, 0, 1, 1, 0),
(20, 0, 1, 0, 0, 0, 0, 0, 0, 1, 0, 0, 0, 1, 0),
(21, 0, 0, 0, 0, 1, 0, 1, 0, 0, 0, 0, 0, 0, 0),
(22, 0, 1, 0, 0, 0, 0, 0, 0, 1, 0, 0, 0, 0, 0),
(23, 0, 1, 0, 1, 0, 0, 0, 0, 1, 0, 0, 0, 0, 0),
(25, 1, 1, 0, 0, 0, 0, 0, 1, 0, 0, 0, 0, 1, 1),
(29, 1, 0, 1, 1, 1, 0, 1, 0, 1, 1, 1, 1, 1, 0),
(30, 0, 1, 1, 0, 0, 1, 0, 0, 1, 0, 1, 1, 1, 0),
(31, 0, 1, 0, 1, 1, 0, 1, 0, 1, 1, 0, 0, 1, 0),
(34, 1, 1, 0, 0, 0, 0, 0, 1, 0, 0, 0, 0, 1, 1),
(36, 1, 0, 0, 1, 0, 0, 0, 1, 1, 1, 1, 1, 1, 0),
(37, 0, 0, 0, 0, 0, 0, 0, 1, 0, 0, 0, 0, 1, 1),
(38, 0, 0, 0, 0, 0, 0, 0, 1, 0, 0, 0, 0, 1, 1),
(39, 1, 1, 0, 0, 0, 0, 0, 0, 1, 0, 0, 0, 1, 1),
(40, 0, 0, 0, 0, 1, 0, 1, 0, 0, 0, 0, 0, 0, 0),
(41, 1, 0, 1, 0, 1, 0, 1, 0, 1, 1, 0, 0, 0, 0),
(42, 0, 0, 1, 0, 0, 0, 0, 0, 0, 0, 0, 0, 0, 0),
(43, 1, 0, 1, 1, 0, 0, 0, 0, 0, 1, 1, 1, 1, 0),
(44, 1, 0, 1, 1, 1, 0, 0, 0, 1, 1, 1, 1, 1, 0),
(45, 1, 0, 1, 0, 0, 0, 1, 0, 1, 1, 1, 1, 1, 0),
(46, 1, 0, 1, 0, 0, 0, 1, 0, 1, 1, 1, 1, 1, 0),
(47, 0, 0, 0, 0, 1, 0, 0, 0, 1, 0, 0, 0, 0, 0),
(48, 0, 0, 1, 1, 1, 0, 0, 1, 1, 0, 1, 1, 1, 0);

-- --------------------------------------------------------

--
-- Structure de la table `scopus_asjc`
--

CREATE TABLE `scopus_asjc` (
  `code` int(11) NOT NULL,
  `name` varchar(50) CHARACTER SET utf8 COLLATE utf8_bin NOT NULL
) ENGINE=InnoDB DEFAULT CHARSET=utf8 COLLATE=utf8_unicode_ci;

--
-- RELATIONS POUR LA TABLE `scopus_asjc`:
--

--
-- Contenu de la table `scopus_asjc`
--

INSERT INTO `scopus_asjc` (`code`, `name`) VALUES
(1000, 'General'),
(1100, 'Agricultural and Biological Sciences(all)'),
(1101, 'Agricultural and Biological Sciences (miscellaneou'),
(1102, 'Agronomy and Crop Science'),
(1103, 'Animal Science and Zoology'),
(1104, 'Aquatic Science'),
(1105, 'Ecology, Evolution, Behavior and Systematics'),
(1106, 'Food Science'),
(1107, 'Forestry'),
(1108, 'Horticulture'),
(1109, 'Insect Science'),
(1110, 'Plant Science'),
(1111, 'Soil Science'),
(1200, 'Arts and Humanities(all)'),
(1201, 'Arts and Humanities (miscellaneous)'),
(1202, 'History'),
(1203, 'Language and Linguistics'),
(1204, 'Archaeology'),
(1205, 'Classics'),
(1206, 'Conservation'),
(1207, 'History and Philosophy of Science'),
(1208, 'Literature and Literary Theory'),
(1209, 'Museology'),
(1210, 'Music'),
(1211, 'Philosophy'),
(1212, 'Religious studies'),
(1213, 'Visual Arts and Performing Arts'),
(1300, 'Biochemistry, Genetics and Molecular Biology(all)'),
(1301, 'Biochemistry, Genetics and Molecular Biology (misc'),
(1302, 'Ageing'),
(1303, 'Biochemistry'),
(1304, 'Biophysics'),
(1305, 'Biotechnology'),
(1306, 'Cancer Research'),
(1307, 'Cell Biology'),
(1308, 'Clinical Biochemistry'),
(1309, 'Developmental Biology'),
(1310, 'Endocrinology'),
(1311, 'Genetics'),
(1312, 'Molecular Biology'),
(1313, 'Molecular Medicine'),
(1314, 'Physiology'),
(1315, 'Structural Biology'),
(1400, 'Business, Management and Accounting(all)'),
(1401, 'Business, Management and Accounting (miscellaneous'),
(1402, 'Accounting'),
(1403, 'Business and International Management'),
(1404, 'Management Information Systems'),
(1405, 'Management of Technology and Innovation'),
(1406, 'Marketing'),
(1407, 'Organizational Behavior and Human Resource Managem'),
(1408, 'Strategy and Management'),
(1409, 'Tourism, Leisure and Hospitality Management'),
(1410, 'Industrial relations'),
(1500, 'Chemical Engineering(all)'),
(1501, 'Chemical Engineering (miscellaneous)'),
(1502, 'Bioengineering'),
(1503, 'Catalysis'),
(1504, 'Chemical Health and Safety'),
(1505, 'Colloid and Surface Chemistry'),
(1506, 'Filtration and Separation'),
(1507, 'Fluid Flow and Transfer Processes'),
(1508, 'Process Chemistry and Technology'),
(1600, 'Chemistry(all)'),
(1601, 'Chemistry (miscellaneous)'),
(1602, 'Analytical Chemistry'),
(1603, 'Electrochemistry'),
(1604, 'Inorganic Chemistry'),
(1605, 'Organic Chemistry'),
(1606, 'Physical and Theoretical Chemistry'),
(1607, 'Spectroscopy'),
(1700, 'Computer Science(all)'),
(1701, 'Computer Science (miscellaneous)'),
(1702, 'Artificial Intelligence'),
(1703, 'Computational Theory and Mathematics'),
(1704, 'Computer Graphics and Computer-Aided Design'),
(1705, 'Computer Networks and Communications'),
(1706, 'Computer Science Applications'),
(1707, 'Computer Vision and Pattern Recognition'),
(1708, 'Hardware and Architecture'),
(1709, 'Human-Computer Interaction'),
(1710, 'Information Systems'),
(1711, 'Signal Processing'),
(1712, 'Software'),
(1800, 'Decision Sciences(all)'),
(1801, 'Decision Sciences (miscellaneous)'),
(1802, 'Information Systems and Management'),
(1803, 'Management Science and Operations Research'),
(1804, 'Statistics, Probability and Uncertainty'),
(1900, 'Earth and Planetary Sciences(all)'),
(1901, 'Earth and Planetary Sciences (miscellaneous)'),
(1902, 'Atmospheric Science'),
(1903, 'Computers in Earth Sciences'),
(1904, 'Earth-Surface Processes'),
(1905, 'Economic Geology'),
(1906, 'Geochemistry and Petrology'),
(1907, 'Geology'),
(1908, 'Geophysics'),
(1909, 'Geotechnical Engineering and Engineering Geology'),
(1910, 'Oceanography'),
(1911, 'Palaeontology'),
(1912, 'Space and Planetary Science'),
(1913, 'Stratigraphy'),
(2000, 'Economics, Econometrics and Finance(all)'),
(2001, 'Economics, Econometrics and Finance (miscellaneous'),
(2002, 'Economics and Econometrics'),
(2003, 'Finance'),
(2100, 'Energy(all)'),
(2101, 'Energy (miscellaneous)'),
(2102, 'Energy Engineering and Power Technology'),
(2103, 'Fuel Technology'),
(2104, 'Nuclear Energy and Engineering'),
(2105, 'Renewable Energy, Sustainability and the Environme'),
(2200, 'Engineering(all)'),
(2201, 'Engineering (miscellaneous)'),
(2202, 'Aerospace Engineering'),
(2203, 'Automotive Engineering'),
(2204, 'Biomedical Engineering'),
(2205, 'Civil and Structural Engineering'),
(2206, 'Computational Mechanics'),
(2207, 'Control and Systems Engineering'),
(2208, 'Electrical and Electronic Engineering'),
(2209, 'Industrial and Manufacturing Engineering'),
(2210, 'Mechanical Engineering'),
(2211, 'Mechanics of Materials'),
(2212, 'Ocean Engineering'),
(2213, 'Safety, Risk, Reliability and Quality'),
(2214, 'Media Technology'),
(2215, 'Building and Construction'),
(2216, 'Architecture '),
(2300, 'Environmental Science(all)'),
(2301, 'Environmental Science (miscellaneous)'),
(2302, 'Ecological Modelling'),
(2303, 'Ecology'),
(2304, 'Environmental Chemistry'),
(2305, 'Environmental Engineering'),
(2306, 'Global and Planetary Change'),
(2307, 'Health, Toxicology and Mutagenesis'),
(2308, 'Management, Monitoring, Policy and Law'),
(2309, 'Nature and Landscape Conservation'),
(2310, 'Pollution'),
(2311, 'Waste Management and Disposal'),
(2312, 'Water Science and Technology'),
(2400, 'Immunology and Microbiology(all)'),
(2401, 'Immunology and Microbiology (miscellaneous) '),
(2402, 'Applied Microbiology and Biotechnology'),
(2403, 'Immunology'),
(2404, 'Microbiology'),
(2405, 'Parasitology'),
(2406, 'Virology'),
(2500, 'Materials Science(all)'),
(2501, 'Materials Science (miscellaneous)'),
(2502, 'Biomaterials'),
(2503, 'Ceramics and Composites'),
(2504, 'Electronic, Optical and Magnetic Materials'),
(2505, 'Materials Chemistry'),
(2506, 'Metals and Alloys'),
(2507, 'Polymers and Plastics'),
(2508, 'Surfaces, Coatings and Films'),
(2600, 'Mathematics(all)'),
(2601, 'Mathematics (miscellaneous)'),
(2602, 'Algebra and Number Theory'),
(2603, 'Analysis'),
(2604, 'Applied Mathematics'),
(2605, 'Computational Mathematics'),
(2606, 'Control and Optimization'),
(2607, 'Discrete Mathematics and Combinatorics'),
(2608, 'Geometry and Topology'),
(2609, 'Logic'),
(2610, 'Mathematical Physics'),
(2611, 'Modelling and Simulation'),
(2612, 'Numerical Analysis'),
(2613, 'Statistics and Probability'),
(2614, 'Theoretical Computer Science'),
(2700, 'Medicine(all)'),
(2701, 'Medicine (miscellaneous)'),
(2702, 'Anatomy'),
(2703, 'Anesthesiology and Pain Medicine'),
(2704, 'Biochemistry, medical'),
(2705, 'Cardiology and Cardiovascular Medicine'),
(2706, 'Critical Care and Intensive Care Medicine'),
(2707, 'Complementary and alternative medicine'),
(2708, 'Dermatology'),
(2709, 'Drug guides'),
(2710, 'Embryology'),
(2711, 'Emergency Medicine'),
(2712, 'Endocrinology, Diabetes and Metabolism'),
(2713, 'Epidemiology'),
(2714, 'Family Practice'),
(2715, 'Gastroenterology'),
(2716, 'Genetics(clinical)'),
(2717, 'Geriatrics and Gerontology'),
(2718, 'Health Informatics'),
(2719, 'Health Policy'),
(2720, 'Hematology'),
(2721, 'Hepatology'),
(2722, 'Histology'),
(2723, 'Immunology and Allergy'),
(2724, 'Internal Medicine'),
(2725, 'Infectious Diseases'),
(2726, 'Microbiology (medical)'),
(2727, 'Nephrology'),
(2728, 'Clinical Neurology'),
(2729, 'Obstetrics and Gynaecology'),
(2730, 'Oncology'),
(2731, 'Ophthalmology'),
(2732, 'Orthopedics and Sports Medicine'),
(2733, 'Otorhinolaryngology'),
(2734, 'Pathology and Forensic Medicine'),
(2735, 'Pediatrics, Perinatology, and Child Health'),
(2736, 'Pharmacology (medical)'),
(2737, 'Physiology (medical)'),
(2738, 'Psychiatry and Mental health'),
(2739, 'Public Health, Environmental and Occupational Heal'),
(2740, 'Pulmonary and Respiratory Medicine'),
(2741, 'Radiology Nuclear Medicine and imaging'),
(2742, 'Rehabilitation'),
(2743, 'Reproductive Medicine'),
(2744, 'Reviews and References, Medical'),
(2745, 'Rheumatology'),
(2746, 'Surgery'),
(2747, 'Transplantation'),
(2748, 'Urology'),
(2800, 'Neuroscience(all)'),
(2801, 'Neuroscience (miscellaneous)'),
(2802, 'Behavioral Neuroscience'),
(2803, 'Biological Psychiatry'),
(2804, 'Cellular and Molecular Neuroscience'),
(2805, 'Cognitive Neuroscience'),
(2806, 'Developmental Neuroscience'),
(2807, 'Endocrine and Autonomic Systems'),
(2808, 'Neurology'),
(2809, 'Sensory Systems'),
(2900, 'Nursing(all)'),
(2901, 'Nursing (miscellaneous)'),
(2902, 'Advanced and Specialised Nursing'),
(2903, 'Assessment and Diagnosis'),
(2904, 'Care Planning'),
(2905, 'Community and Home Care'),
(2906, 'Critical Care'),
(2907, 'Emergency'),
(2908, 'Fundamentals and skills'),
(2909, 'Gerontology'),
(2910, 'Issues, ethics and legal aspects'),
(2911, 'Leadership and Management'),
(2912, 'LPN and LVN'),
(2913, 'Maternity and Midwifery'),
(2914, 'Medical?Surgical'),
(2915, 'Nurse Assisting'),
(2916, 'Nutrition and Dietetics'),
(2917, 'Oncology(nursing)'),
(2918, 'Pathophysiology'),
(2919, 'Pediatrics'),
(2920, 'Pharmacology (nursing)'),
(2921, 'Phychiatric Mental Health'),
(2922, 'Research and Theory'),
(2923, 'Review and Exam Preparation'),
(3000, 'Pharmacology, Toxicology and Pharmaceutics(all)'),
(3001, 'Pharmacology, Toxicology and Pharmaceutics (miscel'),
(3002, 'Drug Discovery'),
(3003, 'Pharmaceutical Science'),
(3004, 'Pharmacology'),
(3005, 'Toxicology'),
(3100, 'Physics and Astronomy(all)'),
(3101, 'Physics and Astronomy (miscellaneous)'),
(3102, 'Acoustics and Ultrasonics'),
(3103, 'Astronomy and Astrophysics'),
(3104, 'Condensed Matter Physics'),
(3105, 'Instrumentation'),
(3106, 'Nuclear and High Energy Physics'),
(3107, 'Atomic and Molecular Physics, and Optics'),
(3108, 'Radiation'),
(3109, 'Statistical and Nonlinear Physics'),
(3110, 'Surfaces and Interfaces'),
(3200, 'Psychology(all)'),
(3201, 'Psychology (miscellaneous)'),
(3202, 'Applied Psychology'),
(3203, 'Clinical Psychology'),
(3204, 'Developmental and Educational Psychology'),
(3205, 'Experimental and Cognitive Psychology'),
(3206, 'Neuropsychology and Physiological Psychology'),
(3207, 'Social Psychology'),
(3300, 'Social Sciences(all)'),
(3301, 'Social Sciences (miscellaneous)'),
(3302, 'Archaeology'),
(3303, 'Development'),
(3304, 'Education'),
(3305, 'Geography, Planning and Development'),
(3306, 'Health(social science)'),
(3307, 'Human Factors and Ergonomics'),
(3308, 'Law'),
(3309, 'Library and Information Sciences'),
(3310, 'Linguistics and Language'),
(3311, 'Safety Research'),
(3312, 'Sociology and Political Science'),
(3313, 'Transportation'),
(3314, 'Anthropology'),
(3315, 'Communication'),
(3316, 'Cultural Studies'),
(3317, 'Demography'),
(3318, 'Gender Studies'),
(3319, 'Life-span and Life-course Studies'),
(3320, 'Political Science and International Relations'),
(3321, 'Public Administration'),
(3322, 'Urban Studies'),
(3400, 'veterinary(all)'),
(3401, 'veterinary (miscalleneous)'),
(3402, 'Equine'),
(3403, 'Food Animals'),
(3404, 'Small Animals'),
(3500, 'Dentistry(all)'),
(3501, 'Dentistry (miscellaneous)'),
(3502, 'Dental Assisting'),
(3503, 'Dental Hygiene'),
(3504, 'Oral Surgery'),
(3505, 'Orthodontics'),
(3506, 'Periodontics'),
(3600, 'Health Professions(all)'),
(3601, 'Health Professions (miscellaneous)'),
(3602, 'Chiropractics'),
(3603, 'Complementary and Manual Therapy'),
(3604, 'Emergency Medical Services'),
(3605, 'Health Information Management'),
(3606, 'Medical Assisting and Transcription'),
(3607, 'Medical Laboratory Technology'),
(3608, 'Medical Terminology'),
(3609, 'Occupational Therapy'),
(3610, 'Optometry'),
(3611, 'Pharmacy'),
(3612, 'Physical Therapy, Sports Therapy and Rehabilitatio'),
(3613, 'Podiatry'),
(3614, 'Radiological and Ultrasound Technology'),
(3615, 'Respiratory Care'),
(3616, 'Speech and Hearing');

-- --------------------------------------------------------

--
-- Structure de la table `scopus_author_classification`
--

CREATE TABLE `scopus_author_classification` (
  `scopus_author_id` bigint(20) UNSIGNED NOT NULL,
  `scopus_subject_area_id` int(10) UNSIGNED NOT NULL,
  `frequency` int(10) UNSIGNED NOT NULL
) ENGINE=InnoDB DEFAULT CHARSET=utf8 COLLATE=utf8_unicode_ci;

--
-- RELATIONS POUR LA TABLE `scopus_author_classification`:
--

--
-- Contenu de la table `scopus_author_classification`
--

INSERT INTO `scopus_author_classification` (`scopus_author_id`, `scopus_subject_area_id`, `frequency`) VALUES
(34969259400, 2204, 3),
(34969259400, 2800, 1),
(34969259400, 2718, 3),
(34969259400, 3201, 1),
(34969259400, 2804, 1),
(34969259400, 2700, 1),
(34969259400, 2801, 1),
(34969259400, 2805, 3),
(34969259400, 2806, 1),
(34969259400, 3205, 2),
(34969259400, 1711, 3),
(34969259400, 1707, 3),
(34969259400, 1702, 5),
(34969259400, 1105, 1),
(34969259400, 1211, 3),
(7402657185, 3104, 9),
(7402657185, 2611, 9),
(7402657185, 2737, 1),
(7402657185, 3205, 18),
(7402657185, 1305, 1),
(7402657185, 3202, 3),
(7402657185, 2303, 7),
(7402657185, 3100, 1),
(7402657185, 1910, 1),
(7402657185, 2746, 1),
(7402657185, 1706, 1),
(7402657185, 1201, 2),
(7402657185, 2403, 2),
(7402657185, 2700, 13),
(7402657185, 1709, 1),
(7402657185, 2400, 1),
(7402657185, 1313, 1),
(7402657185, 3310, 1),
(7402657185, 1307, 8),
(7402657185, 2604, 3),
(7402657185, 1304, 3),
(7402657185, 2801, 2),
(7402657185, 3206, 9),
(7402657185, 2738, 2),
(7402657185, 3316, 2),
(7402657185, 1300, 10),
(7402657185, 1000, 64),
(7402657185, 2804, 12),
(7402657185, 2208, 35),
(7402657185, 1705, 16),
(7402657185, 1710, 17),
(7402657185, 1312, 12),
(7402657185, 2808, 5),
(7402657185, 1708, 11),
(7402657185, 2809, 40),
(7402657185, 1406, 1),
(7402657185, 2800, 131),
(7402657185, 1200, 3),
(7402657185, 1100, 20),
(7402657185, 1700, 2),
(7402657185, 1303, 5),
(7402657185, 2504, 8),
(7402657185, 1704, 3),
(7402657185, 3315, 1),
(7402657185, 2613, 1),
(7402657185, 2716, 1),
(7402657185, 1712, 9),
(7402657185, 2200, 8),
(7402657185, 1707, 22),
(7402657185, 2002, 2),
(7402657185, 2731, 68),
(7402657185, 3312, 2),
(7402657185, 3200, 9),
(7402657185, 1101, 6),
(7402657185, 2803, 2),
(7402657185, 1311, 31),
(7402657185, 1502, 2),
(7402657185, 1203, 1),
(7402657185, 2207, 38),
(7402657185, 2728, 2),
(7402657185, 2614, 3),
(7402657185, 2500, 2),
(7402657185, 3002, 1),
(7402657185, 1105, 9),
(7402657185, 2720, 4),
(7402657185, 1711, 27),
(7402657185, 1703, 9),
(7402657185, 1309, 1),
(7402657185, 1314, 15),
(7402657185, 2805, 21),
(7402657185, 1702, 39),
(7402657185, 1800, 2),
(7402657185, 2210, 2),
(7402657185, 3309, 1),
(7402657185, 3107, 3),
(7402657185, 3204, 1),
(7402657185, 2802, 7),
(7402657185, 1600, 2),
(7006294703, 1110, 1),
(7006294703, 3614, 2),
(7006294703, 1706, 2),
(7006294703, 1207, 1),
(7006294703, 2207, 2),
(7006294703, 2611, 12),
(7006294703, 2802, 7),
(7006294703, 1310, 2),
(7006294703, 2806, 1),
(7006294703, 2733, 8),
(7006294703, 2741, 2),
(7006294703, 2703, 3),
(7006294703, 1200, 2),
(7006294703, 3002, 3),
(7006294703, 1309, 3),
(7006294703, 2200, 1),
(7006294703, 3203, 3),
(7006294703, 3200, 5),
(7006294703, 1707, 1),
(7006294703, 2805, 19),
(7006294703, 1703, 11),
(7006294703, 2800, 102),
(7006294703, 2614, 1),
(7006294703, 2809, 3),
(7006294703, 2206, 4),
(7006294703, 2731, 5),
(7006294703, 2737, 17),
(7006294703, 3500, 5),
(7006294703, 2803, 4),
(7006294703, 2740, 6),
(7006294703, 1700, 1),
(7006294703, 2808, 27),
(7006294703, 3206, 3),
(7006294703, 3612, 1),
(7006294703, 1305, 1),
(7006294703, 1000, 41),
(7006294703, 2728, 43),
(7006294703, 1303, 5),
(7006294703, 3004, 4),
(7006294703, 1712, 5),
(7006294703, 2613, 1),
(7006294703, 2718, 1),
(7006294703, 2804, 27),
(7006294703, 1308, 1),
(7006294703, 2732, 1),
(7006294703, 2700, 46),
(7006294703, 2738, 19),
(7006294703, 1100, 15),
(7006294703, 1307, 10),
(7006294703, 3301, 1),
(7006294703, 3205, 4),
(7006294703, 1312, 14),
(7006294703, 2801, 2),
(7006294703, 1300, 14),
(7006294703, 1304, 2),
(7006294703, 3000, 1),
(7006294703, 1708, 1),
(7006294703, 2303, 11),
(7006294703, 2400, 1),
(7006294703, 2604, 1),
(7006294703, 3320, 1),
(7006294703, 2736, 1),
(7006294703, 1105, 14),
(7006294703, 1502, 1),
(7006294703, 1201, 6),
(7006294703, 2208, 1),
(7006294703, 1702, 5),
(7006294703, 2600, 1),
(7006294703, 3312, 1),
(7006294703, 1314, 34),
(7006294703, 1311, 24),
(7006294703, 2204, 4),
(7006294703, 1315, 1),
(7006294703, 1711, 1),
(7006294703, 3316, 1),
(7006294703, 2742, 2),
(16231088400, 3104, 2),
(16231088400, 1105, 1),
(16231088400, 2613, 2),
(16231088400, 2804, 4),
(16231088400, 2611, 1),
(16231088400, 1703, 1),
(16231088400, 2800, 1),
(16231088400, 1100, 2),
(16231088400, 2801, 3),
(16231088400, 1300, 2),
(16231088400, 1312, 1),
(16231088400, 2700, 2),
(16231088400, 3109, 2),
(16231088400, 3100, 6),
(16231088400, 2303, 1),
(16231088400, 1311, 1),
(16231088400, 1710, 1),
(26667568400, 1100, 1),
(26667568400, 1312, 4),
(26667568400, 1311, 4),
(26667568400, 2611, 4),
(26667568400, 2804, 4),
(26667568400, 1300, 1),
(26667568400, 1000, 2),
(26667568400, 2700, 1),
(26667568400, 2303, 4),
(26667568400, 1105, 4),
(26667568400, 2800, 2),
(26667568400, 3200, 1),
(26667568400, 1703, 4),
(7405408905, 1100, 3),
(7405408905, 1201, 1),
(7405408905, 2728, 1),
(7405408905, 2609, 1),
(7405408905, 1702, 102),
(7405408905, 2613, 2),
(7405408905, 1802, 1),
(7405408905, 1103, 1),
(7405408905, 1304, 13),
(7405408905, 2604, 5),
(7405408905, 3100, 86),
(7405408905, 3305, 1),
(7405408905, 3322, 1),
(7405408905, 3204, 1),
(7405408905, 1705, 1),
(7405408905, 1000, 9),
(7405408905, 2808, 19),
(7405408905, 1708, 9),
(7405408905, 2801, 1),
(7405408905, 2201, 1),
(7405408905, 3002, 1),
(7405408905, 3200, 2),
(7405408905, 1211, 5),
(7405408905, 3109, 36),
(7405408905, 1300, 19),
(7405408905, 1202, 1),
(7405408905, 3614, 4),
(7405408905, 2804, 8),
(7405408905, 2208, 20),
(7405408905, 3107, 5),
(7405408905, 3312, 2),
(7405408905, 3103, 4),
(7405408905, 1709, 3),
(7405408905, 3303, 1),
(7405408905, 2207, 5),
(7405408905, 2805, 53),
(7405408905, 3320, 1),
(7405408905, 1800, 1),
(7405408905, 3101, 8),
(7405408905, 1409, 1),
(7405408905, 3106, 70),
(7405408905, 1711, 3),
(7405408905, 2610, 33),
(7405408905, 3104, 2),
(7405408905, 1804, 1),
(7405408905, 1105, 3),
(7405408905, 1703, 9),
(7405408905, 1706, 16),
(7405408905, 3400, 1),
(7405408905, 2600, 3),
(7405408905, 2800, 74),
(7405408905, 2700, 1),
(7405408905, 2802, 4),
(7405408905, 2738, 1),
(7405408905, 3205, 10),
(7405408905, 2204, 2),
(7405408905, 2741, 3),
(7405408905, 1305, 1),
(7405408905, 3300, 2),
(7405408905, 1700, 25),
(7405408905, 3612, 1),
(7405408905, 1707, 9),
(7405408905, 1605, 12),
(7405408905, 1314, 1),
(7405408905, 1710, 1),
(7405408905, 2200, 14),
(7405408905, 2614, 27),
(7405408905, 3201, 4),
(7405408905, 1712, 41),
(7102125350, 2614, 1),
(7102125350, 1705, 1),
(7102125350, 1211, 7),
(7102125350, 1703, 3),
(7102125350, 1212, 2),
(7102125350, 2805, 1),
(7102125350, 1706, 1),
(7102125350, 1712, 1),
(7102125350, 2611, 1),
(7102125350, 1707, 1),
(7102125350, 2609, 2),
(7102125350, 1700, 1),
(7102125350, 1702, 10),
(7102125350, 3300, 1),
(7102125350, 1604, 1),
(6507687409, 2200, 2),
(6507687409, 3201, 1),
(6507687409, 1707, 5),
(6507687409, 1708, 1),
(6507687409, 1706, 5),
(6507687409, 1211, 1),
(6507687409, 1305, 1),
(6507687409, 2504, 1),
(6507687409, 1702, 7),
(6507687409, 3300, 1),
(6507687409, 1502, 1),
(6507687409, 1712, 2),
(6507687409, 2805, 5),
(6507687409, 2208, 2),
(6507687409, 2207, 1),
(6507687409, 1709, 1),
(6507687409, 1700, 1),
(26421079400, 3201, 1),
(26421079400, 2207, 2),
(26421079400, 1300, 1),
(26421079400, 3300, 1),
(26421079400, 1312, 1),
(26421079400, 3200, 1),
(26421079400, 2200, 2),
(26421079400, 1702, 11),
(26421079400, 1706, 2),
(26421079400, 1704, 1),
(26421079400, 1710, 2),
(26421079400, 1211, 1),
(26421079400, 1709, 1),
(26421079400, 1703, 1),
(26421079400, 1105, 1),
(26421079400, 1700, 3),
(26421079400, 2700, 1),
(26421079400, 1712, 2),
(6507061932, 1705, 3),
(6507061932, 2200, 3),
(6507061932, 1703, 6),
(6507061932, 1712, 11),
(6507061932, 2614, 19),
(6507061932, 1710, 10),
(6507061932, 1305, 1),
(6507061932, 1802, 1),
(6507061932, 2207, 7),
(6507061932, 1708, 5),
(6507061932, 2611, 2),
(6507061932, 1704, 1),
(6507061932, 2606, 2),
(6507061932, 1702, 25),
(6507061932, 1211, 1),
(6507061932, 1300, 5),
(6507061932, 1700, 22),
(6507061932, 1105, 1),
(6507061932, 1312, 1),
(6507061932, 3201, 1),
(6507061932, 1707, 2),
(6507061932, 1711, 1),
(6507061932, 2208, 1),
(6507061932, 1706, 9),
(6507061932, 1709, 1),
(6507061932, 2700, 2),
(7004052541, 1702, 40),
(7004052541, 2800, 1),
(7004052541, 1300, 5),
(7004052541, 1706, 16),
(7004052541, 1703, 14),
(7004052541, 2700, 2),
(7004052541, 2208, 3),
(7004052541, 2505, 6),
(7004052541, 1802, 1),
(7004052541, 1504, 1),
(7004052541, 1701, 1),
(7004052541, 1708, 13),
(7004052541, 2200, 6),
(7004052541, 2611, 2),
(7004052541, 1705, 4),
(7004052541, 1312, 1),
(7004052541, 1203, 2),
(7004052541, 1305, 1),
(7004052541, 2507, 6),
(7004052541, 2605, 2),
(7004052541, 1707, 3),
(7004052541, 3107, 1),
(7004052541, 1602, 1),
(7004052541, 2606, 2),
(7004052541, 3201, 1),
(7004052541, 1710, 10),
(7004052541, 2614, 24),
(7004052541, 1303, 1),
(7004052541, 1700, 27),
(7004052541, 1709, 3),
(7004052541, 1605, 2),
(7004052541, 1803, 2),
(7004052541, 2207, 20),
(7004052541, 2213, 1),
(7004052541, 3310, 2),
(7004052541, 1712, 21),
(7004052541, 1704, 3),
(7004052541, 1711, 1),
(7004052541, 1105, 1),
(7004052541, 1211, 1),
(7004052541, 2206, 1),
(6701809259, 3204, 2),
(6701809259, 2611, 1),
(6701809259, 1712, 6),
(6701809259, 1700, 6),
(6701809259, 1105, 1),
(6701809259, 1404, 1),
(6701809259, 1710, 1),
(6701809259, 2614, 6),
(6701809259, 2208, 1),
(6701809259, 1802, 1),
(6701809259, 3300, 3),
(6701809259, 1000, 1),
(6701809259, 2802, 2),
(6701809259, 1203, 1),
(6701809259, 1703, 4),
(6701809259, 1300, 2),
(6701809259, 3201, 1),
(6701809259, 3310, 1),
(6701809259, 1103, 1),
(6701809259, 1702, 19),
(6701809259, 1314, 1),
(6701809259, 2200, 10),
(6701809259, 2207, 4),
(6701809259, 3205, 2),
(6701809259, 2506, 1),
(6701809259, 1502, 2),
(6701809259, 2805, 4),
(6701809259, 1708, 3),
(6701809259, 3206, 2),
(6701809259, 1200, 2),
(6701809259, 1312, 3),
(6701809259, 2800, 2),
(6701809259, 1305, 2),
(6701809259, 2604, 1),
(6701809259, 1704, 2),
(6701809259, 1211, 1),
(6701809259, 3200, 5),
(7003896725, 1504, 2),
(7003896725, 1802, 1),
(7003896725, 2603, 1),
(7003896725, 2208, 11),
(7003896725, 1702, 1),
(7003896725, 2102, 3),
(7003896725, 3105, 2),
(7003896725, 1401, 1),
(7003896725, 3315, 2),
(7003896725, 2611, 1),
(7003896725, 2604, 2),
(7003896725, 1705, 6),
(7003896725, 2213, 2),
(7003896725, 1712, 4),
(7003896725, 1709, 1),
(7003896725, 1700, 6),
(7003896725, 1710, 1),
(7003896725, 1405, 1),
(7003896725, 2700, 1),
(7003896725, 1803, 3),
(7003896725, 2207, 13),
(7003896725, 2614, 3),
(7003896725, 1703, 6),
(7003896725, 1706, 3),
(7003896725, 2600, 1),
(7003896725, 1711, 3),
(7003896725, 1404, 1),
(7003896725, 2200, 16),
(8707306300, 1802, 1),
(8707306300, 1702, 3),
(8707306300, 1700, 6),
(8707306300, 2700, 1),
(8707306300, 1709, 1),
(8707306300, 1300, 4),
(8707306300, 2614, 4),
(8707306300, 2200, 4),
(8707306300, 2208, 1),
(8707306300, 2207, 1),
(8707306300, 1706, 1),
(16070745100, 3310, 4),
(16070745100, 2700, 1),
(16070745100, 2609, 1),
(16070745100, 2800, 2),
(16070745100, 1702, 1),
(16070745100, 1105, 2),
(16070745100, 1200, 10),
(16070745100, 3316, 4),
(16070745100, 3004, 4),
(16070745100, 1203, 4),
(16070745100, 3200, 2),
(16070745100, 1212, 8),
(16070745100, 1208, 4),
(16070745100, 3206, 2),
(16070745100, 1207, 2),
(16070745100, 1211, 38),
(16440544600, 3304, 2),
(16440544600, 3316, 2),
(16440544600, 1208, 2),
(16440544600, 1212, 4),
(16440544600, 1211, 1),
(16440544600, 3312, 1),
(16440544600, 1200, 2),
(6701881882, 3100, 52),
(6701881882, 3109, 18),
(6701881882, 2608, 1),
(6701881882, 1605, 13),
(6701881882, 3106, 34),
(6701881882, 3316, 1),
(6701881882, 1706, 2),
(6701881882, 2610, 19),
(6701881882, 3101, 8),
(6701881882, 3304, 1),
(6701881882, 2602, 1),
(6701881882, 2600, 7),
(6701881882, 2604, 4),
(6701881882, 1212, 1),
(6701881882, 3107, 10),
(6701881882, 2603, 4),
(7102156170, 2700, 31),
(7102156170, 2614, 2),
(7102156170, 1712, 2),
(7102156170, 2728, 30),
(7102156170, 2300, 1),
(7102156170, 2701, 12),
(7102156170, 3003, 1),
(7102156170, 3000, 1),
(7102156170, 2303, 4),
(7102156170, 3207, 1),
(7102156170, 1103, 3),
(7102156170, 1201, 5),
(7102156170, 1900, 1),
(7102156170, 1804, 3),
(7102156170, 1705, 2),
(7102156170, 1711, 2),
(7102156170, 1307, 1),
(7102156170, 1310, 2),
(7102156170, 2200, 1),
(7102156170, 1100, 16),
(7102156170, 2611, 4),
(7102156170, 3300, 1),
(7102156170, 2702, 2),
(7102156170, 3100, 1),
(7102156170, 3206, 16),
(7102156170, 1314, 52),
(7102156170, 2741, 1),
(7102156170, 1000, 7),
(7102156170, 3109, 1),
(7102156170, 2804, 17),
(7102156170, 1200, 1),
(7102156170, 2801, 7),
(7102156170, 2739, 4),
(7102156170, 1304, 8),
(7102156170, 1312, 23),
(7102156170, 1308, 1),
(7102156170, 3004, 13),
(7102156170, 2736, 1),
(7102156170, 2800, 305),
(7102156170, 2916, 5),
(7102156170, 3005, 1),
(7102156170, 1300, 7),
(7102156170, 2802, 76),
(7102156170, 3205, 15),
(7102156170, 1207, 1),
(7102156170, 1101, 16),
(7102156170, 2808, 31),
(7102156170, 1702, 29),
(7102156170, 2604, 4),
(7102156170, 1710, 2),
(7102156170, 1106, 14),
(7102156170, 3204, 3),
(7102156170, 2738, 6),
(7102156170, 1700, 4),
(7102156170, 2613, 3),
(7102156170, 1703, 4),
(7102156170, 1303, 8),
(7102156170, 2809, 8),
(7102156170, 2737, 34),
(7102156170, 3200, 14),
(7102156170, 3002, 1),
(7102156170, 2712, 2),
(7102156170, 2805, 42),
(7102156170, 2731, 9),
(7102156170, 2207, 13),
(7102156170, 1311, 4),
(7102156170, 1309, 18),
(7102156170, 3614, 1),
(7102156170, 1105, 10),
(7102156170, 2806, 3),
(7102156170, 2803, 2),
(7102156170, 2600, 3),
(6603550196, 2210, 1),
(6603550196, 1213, 1),
(6603550196, 3304, 2),
(6603550196, 2606, 1),
(6603550196, 1700, 10),
(6603550196, 1705, 4),
(6603550196, 1300, 3),
(6603550196, 1203, 5),
(6603550196, 1712, 19),
(6603550196, 1707, 3),
(6603550196, 1703, 2),
(6603550196, 2200, 7),
(6603550196, 2605, 2),
(6603550196, 1702, 27),
(6603550196, 2208, 3),
(6603550196, 3200, 1),
(6603550196, 1709, 5),
(6603550196, 2614, 9),
(6603550196, 1710, 3),
(6603550196, 2207, 4),
(6603550196, 2805, 5),
(6603550196, 1706, 6),
(6603550196, 1708, 1),
(6603550196, 3300, 1),
(6603550196, 2604, 1),
(56489581600, 1706, 1),
(56489581600, 2210, 1),
(56489581600, 2606, 1),
(56489581600, 2207, 1),
(56489581600, 1700, 1),
(35569005900, 1300, 1),
(35569005900, 2206, 2),
(35569005900, 3205, 1),
(35569005900, 2805, 1),
(35569005900, 1708, 5),
(35569005900, 1709, 3),
(35569005900, 1700, 3),
(35569005900, 2614, 1),
(35569005900, 2100, 2),
(35569005900, 2605, 2),
(35569005900, 1702, 14),
(35569005900, 2200, 6),
(35569005900, 2209, 1),
(35569005900, 1707, 1),
(35569005900, 2207, 7),
(35569005900, 2208, 4),
(35569005900, 1712, 11),
(35569005900, 1706, 6),
(56213128400, 3201, 2),
(56213128400, 1700, 4),
(56213128400, 1711, 5),
(56213128400, 1710, 6),
(56213128400, 1708, 1),
(56213128400, 1105, 1),
(56213128400, 1305, 1),
(56213128400, 3205, 2),
(56213128400, 1211, 3),
(56213128400, 2614, 4),
(56213128400, 1602, 2),
(56213128400, 2200, 18),
(56213128400, 3309, 3),
(56213128400, 3100, 1),
(56213128400, 1300, 5),
(56213128400, 1201, 1),
(56213128400, 2300, 1),
(56213128400, 2805, 5),
(56213128400, 1900, 1),
(56213128400, 1705, 1),
(56213128400, 1405, 2),
(56213128400, 1502, 1),
(56213128400, 1000, 1),
(56213128400, 1712, 3),
(56213128400, 2611, 1),
(56213128400, 1707, 9),
(56213128400, 1408, 4),
(56213128400, 3200, 1),
(56213128400, 2800, 9),
(56213128400, 1709, 2),
(56213128400, 1702, 19),
(56213128400, 2207, 7),
(56213128400, 1706, 5),
(56213128400, 3204, 1),
(56213128400, 2208, 30),
(56213128400, 2604, 1),
(56213128400, 2700, 3),
(56213128400, 2209, 2),
(56213128400, 1200, 1),
(56213128400, 3300, 1),
(7801413307, 3316, 2),
(7801413307, 3200, 4),
(7801413307, 2609, 3),
(7801413307, 3300, 2),
(7801413307, 1207, 1),
(7801413307, 2600, 1),
(7801413307, 1200, 10),
(7801413307, 3207, 1),
(7801413307, 1211, 16),
(7801413307, 3205, 2),
(7801413307, 1212, 6),
(7801413307, 1203, 4),
(7801413307, 3310, 5),
(7801413307, 3004, 2),
(7801413307, 1208, 2),
(9736168000, 1300, 1),
(9736168000, 1700, 1),
(9736168000, 1708, 1),
(9736168000, 2605, 1),
(9736168000, 2614, 1),
(7801477210, 1207, 1),
(7801477210, 3301, 1),
(7801477210, 2605, 1),
(7801477210, 1312, 1),
(7801477210, 3004, 1),
(7801477210, 3104, 1),
(7801477210, 3300, 2),
(7801477210, 1202, 1),
(7801477210, 1200, 1),
(7801477210, 1211, 4),
(7801477210, 1203, 1),
(7801477210, 3310, 2),
(7801477210, 3316, 1),
(7801477210, 1212, 1),
(7801477210, 2613, 1),
(7801477210, 1208, 1),
(13105239600, 3300, 1),
(13105239600, 2200, 2),
(13105239600, 2614, 3),
(13105239600, 3201, 1),
(13105239600, 1300, 2),
(13105239600, 1702, 7),
(13105239600, 1707, 1),
(13105239600, 1710, 2),
(13105239600, 1700, 4),
(13105239600, 2207, 2),
(13105239600, 1211, 1),
(13105239600, 2208, 1),
(13105239600, 1305, 1),
(13105239600, 2800, 2),
(13105239600, 1502, 1),
(15762485400, 1502, 1),
(15762485400, 1702, 8),
(15762485400, 3200, 1),
(15762485400, 1211, 1),
(15762485400, 2213, 1),
(15762485400, 2200, 2),
(15762485400, 3205, 3),
(15762485400, 1700, 3),
(15762485400, 2800, 2),
(15762485400, 2207, 1),
(15762485400, 1305, 2),
(15762485400, 2201, 1),
(15762485400, 1313, 1),
(15762485400, 1710, 1),
(15762485400, 1303, 1),
(15762485400, 1707, 1),
(15762485400, 1300, 3),
(15762485400, 1201, 1),
(15762485400, 1701, 1),
(15762485400, 1712, 3),
(15762485400, 1304, 1),
(15762485400, 2614, 2),
(15762485400, 2208, 1),
(15762485400, 2700, 2),
(15762485400, 3204, 1),
(15762485400, 2611, 1),
(15762485400, 1709, 3),
(6701318494, 2700, 2),
(6701318494, 1405, 1),
(6701318494, 2614, 21),
(6701318494, 1702, 58),
(6701318494, 2606, 2),
(6701318494, 1710, 3),
(6701318494, 3004, 4),
(6701318494, 3201, 1),
(6701318494, 2611, 1),
(6701318494, 2100, 2),
(6701318494, 1709, 4),
(6701318494, 2728, 1),
(6701318494, 2604, 6),
(6701318494, 1311, 1),
(6701318494, 2800, 2),
(6701318494, 3101, 1),
(6701318494, 1703, 5),
(6701318494, 1211, 1),
(6701318494, 3205, 6),
(6701318494, 2208, 1),
(6701318494, 3301, 1),
(6701318494, 3200, 25),
(6701318494, 2300, 1),
(6701318494, 2805, 6),
(6701318494, 1300, 1),
(6701318494, 1700, 17),
(6701318494, 3202, 1),
(6701318494, 2200, 9),
(6701318494, 1706, 10),
(6701318494, 3305, 1),
(6701318494, 1302, 1),
(6701318494, 3100, 1),
(6701318494, 1708, 2),
(6701318494, 1712, 22),
(6701318494, 2716, 4),
(6701318494, 1704, 1),
(6701318494, 2612, 3),
(6701318494, 3206, 1),
(6701318494, 1803, 2),
(6701318494, 1403, 1),
(6701318494, 2207, 6),
(6701318494, 1900, 1),
(6701318494, 3300, 2),
(6701318494, 1701, 1),
(6701318494, 1100, 2),
(6701318494, 1200, 2),
(6701318494, 1105, 2),
(6701318494, 2206, 3),
(26643216300, 1207, 1),
(26643216300, 2719, 1),
(26643216300, 1105, 3),
(26643216300, 2306, 1),
(26643216300, 3309, 18),
(26643216300, 3315, 4),
(26643216300, 3308, 1),
(26643216300, 1100, 4),
(26643216300, 2208, 4),
(26643216300, 1709, 1),
(26643216300, 3304, 2),
(26643216300, 2614, 2),
(26643216300, 3310, 4),
(26643216300, 1708, 2),
(26643216300, 1706, 1),
(26643216300, 3206, 6),
(26643216300, 1200, 2),
(26643216300, 2802, 3),
(26643216300, 3312, 1),
(26643216300, 2700, 8),
(26643216300, 2207, 1),
(26643216300, 1000, 9),
(26643216300, 1702, 8),
(26643216300, 1300, 3),
(26643216300, 2200, 1),
(26643216300, 3201, 1),
(26643216300, 1712, 2),
(26643216300, 1700, 6),
(26643216300, 1705, 2),
(26643216300, 1314, 3),
(26643216300, 2718, 1),
(26643216300, 2800, 6),
(26643216300, 3205, 2),
(26643216300, 3305, 1),
(26643216300, 1904, 1),
(26643216300, 1211, 3),
(26643216300, 2728, 2),
(26643216300, 3300, 3),
(26643216300, 2303, 1),
(26643216300, 3109, 1),
(26643216300, 1405, 1),
(26643216300, 2308, 1),
(26643216300, 2604, 1),
(26643216300, 1710, 5),
(26643216300, 3200, 27),
(26643216300, 2910, 1),
(26643216300, 1703, 1),
(26643216300, 2701, 1),
(26643216300, 1207, 1),
(26643216300, 2719, 1),
(26643216300, 1105, 3),
(26643216300, 2306, 1),
(26643216300, 3309, 18),
(26643216300, 3315, 4),
(26643216300, 3308, 1),
(26643216300, 1100, 4),
(26643216300, 2208, 4),
(26643216300, 1709, 1),
(26643216300, 3304, 2),
(26643216300, 2614, 2),
(26643216300, 3310, 4),
(26643216300, 1708, 2),
(26643216300, 1706, 1),
(26643216300, 3206, 6),
(26643216300, 1200, 2),
(26643216300, 2802, 3),
(26643216300, 3312, 1),
(26643216300, 2700, 8),
(26643216300, 2207, 1),
(26643216300, 1000, 9),
(26643216300, 1702, 8),
(26643216300, 1300, 3),
(26643216300, 2200, 1),
(26643216300, 3201, 1),
(26643216300, 1712, 2),
(26643216300, 1700, 6),
(26643216300, 1705, 2),
(26643216300, 1314, 3),
(26643216300, 2718, 1),
(26643216300, 2800, 6),
(26643216300, 3205, 2),
(26643216300, 3305, 1),
(26643216300, 1904, 1),
(26643216300, 1211, 3),
(26643216300, 2728, 2),
(26643216300, 3300, 3),
(26643216300, 2303, 1),
(26643216300, 3109, 1),
(26643216300, 1405, 1),
(26643216300, 2308, 1),
(26643216300, 2604, 1),
(26643216300, 1710, 5),
(26643216300, 3200, 27),
(26643216300, 2910, 1),
(26643216300, 1703, 1),
(26643216300, 2701, 1),
(26643216300, 1207, 1),
(26643216300, 2719, 1),
(26643216300, 1105, 3),
(26643216300, 2306, 1),
(26643216300, 3309, 18),
(26643216300, 3315, 4),
(26643216300, 3308, 1),
(26643216300, 1100, 4),
(26643216300, 2208, 4),
(26643216300, 1709, 1),
(26643216300, 3304, 2),
(26643216300, 2614, 2),
(26643216300, 3310, 4),
(26643216300, 1708, 2),
(26643216300, 1706, 1),
(26643216300, 3206, 6),
(26643216300, 1200, 2),
(26643216300, 2802, 3),
(26643216300, 3312, 1),
(26643216300, 2700, 8),
(26643216300, 2207, 1),
(26643216300, 1000, 9),
(26643216300, 1702, 8),
(26643216300, 1300, 3),
(26643216300, 2200, 1),
(26643216300, 3201, 1),
(26643216300, 1712, 2),
(26643216300, 1700, 6),
(26643216300, 1705, 2),
(26643216300, 1314, 3),
(26643216300, 2718, 1),
(26643216300, 2800, 6),
(26643216300, 3205, 2),
(26643216300, 3305, 1),
(26643216300, 1904, 1),
(26643216300, 1211, 3),
(26643216300, 2728, 2),
(26643216300, 3300, 3),
(26643216300, 2303, 1),
(26643216300, 3109, 1),
(26643216300, 1405, 1),
(26643216300, 2308, 1),
(26643216300, 2604, 1),
(26643216300, 1710, 5),
(26643216300, 3200, 27),
(26643216300, 2910, 1),
(26643216300, 1703, 1),
(26643216300, 2701, 1),
(26643216300, 1207, 1),
(26643216300, 2719, 1),
(26643216300, 1105, 3),
(26643216300, 2306, 1),
(26643216300, 3309, 18),
(26643216300, 3315, 4),
(26643216300, 3308, 1),
(26643216300, 1100, 4),
(26643216300, 2208, 4),
(26643216300, 1709, 1),
(26643216300, 3304, 2),
(26643216300, 2614, 2),
(26643216300, 3310, 4),
(26643216300, 1708, 2),
(26643216300, 1706, 1),
(26643216300, 3206, 6),
(26643216300, 1200, 2),
(26643216300, 2802, 3),
(26643216300, 3312, 1),
(26643216300, 2700, 8),
(26643216300, 2207, 1),
(26643216300, 1000, 9),
(26643216300, 1702, 8),
(26643216300, 1300, 3),
(26643216300, 2200, 1),
(26643216300, 3201, 1),
(26643216300, 1712, 2),
(26643216300, 1700, 6),
(26643216300, 1705, 2),
(26643216300, 1314, 3),
(26643216300, 2718, 1),
(26643216300, 2800, 6),
(26643216300, 3205, 2),
(26643216300, 3305, 1),
(26643216300, 1904, 1),
(26643216300, 1211, 3),
(26643216300, 2728, 2),
(26643216300, 3300, 3),
(26643216300, 2303, 1),
(26643216300, 3109, 1),
(26643216300, 1405, 1),
(26643216300, 2308, 1),
(26643216300, 2604, 1),
(26643216300, 1710, 5),
(26643216300, 3200, 27),
(26643216300, 2910, 1),
(26643216300, 1703, 1),
(26643216300, 2701, 1),
(24823912300, 2208, 5),
(24823912300, 3205, 2),
(24823912300, 1200, 1),
(24823912300, 1712, 2),
(24823912300, 1702, 8),
(24823912300, 1706, 1),
(24823912300, 2800, 1),
(24823912300, 1203, 2),
(24823912300, 2201, 1),
(24823912300, 3200, 1),
(24823912300, 2200, 7),
(24823912300, 2805, 2),
(24823912300, 1211, 1),
(24823912300, 1710, 2),
(24823912300, 1105, 1),
(24823912300, 3304, 1),
(24823912300, 2700, 1),
(24823912300, 3104, 3),
(24823912300, 1709, 1),
(24823912300, 3206, 1),
(24823912300, 2207, 2),
(6603110431, 1300, 1),
(6603110431, 1800, 1),
(6603110431, 1704, 1),
(6603110431, 1710, 3),
(6603110431, 2614, 3),
(6603110431, 1703, 1),
(6603110431, 1700, 4),
(6603110431, 1604, 2),
(6603110431, 3310, 1),
(6603110431, 2604, 1),
(6603110431, 1712, 3),
(6603110431, 1702, 5),
(6603110431, 1400, 1),
(6603110431, 1203, 1),
(6603110431, 1706, 1),
(6603110431, 2200, 2),
(11043654100, 1101, 1),
(11043654100, 1700, 1),
(11043654100, 3200, 1),
(11043654100, 1100, 1),
(11043654100, 2614, 1),
(24824921000, 1706, 1),
(24824921000, 1712, 1),
(24824921000, 2200, 1),
(24824921000, 3304, 1),
(6701792423, 2804, 2),
(6701792423, 2204, 1),
(6701792423, 1000, 1),
(6701792423, 1712, 4),
(6701792423, 2207, 3),
(6701792423, 1311, 1),
(6701792423, 2800, 2),
(6701792423, 2801, 1),
(6701792423, 1702, 4),
(6701792423, 2200, 1),
(35562825400, 2207, 23),
(35562825400, 1105, 3),
(35562825400, 2805, 6),
(35562825400, 1703, 8),
(35562825400, 1705, 1),
(35562825400, 1700, 33),
(35562825400, 1708, 8),
(35562825400, 1702, 50),
(35562825400, 1706, 9),
(35562825400, 2701, 1),
(35562825400, 2209, 1),
(35562825400, 3315, 1),
(35562825400, 1712, 13),
(35562825400, 2210, 1),
(35562825400, 3103, 1),
(35562825400, 1704, 1),
(35562825400, 3205, 3),
(35562825400, 2600, 1),
(35562825400, 3200, 3),
(35562825400, 3310, 1),
(35562825400, 1711, 3),
(35562825400, 2200, 21),
(35562825400, 2614, 23),
(35562825400, 1709, 6),
(35562825400, 2800, 4),
(35562825400, 1707, 6),
(35562825400, 3206, 3),
(35562825400, 2206, 6),
(35562825400, 1710, 2),
(35562825400, 2208, 8),
(35562825400, 2700, 5),
(35562825400, 1300, 11),
(35562825400, 1203, 2),
(56019604800, 1200, 1),
(56019604800, 2802, 1),
(56019604800, 3207, 1),
(56019604800, 2700, 3),
(56019604800, 1300, 1),
(56019604800, 2207, 3),
(56019604800, 1202, 1),
(56019604800, 2200, 2),
(56019604800, 1203, 3),
(56019604800, 1707, 2),
(56019604800, 3200, 4),
(56019604800, 3205, 3),
(56019604800, 1711, 1),
(56019604800, 1702, 13),
(56019604800, 1709, 4),
(56019604800, 2805, 3),
(56019604800, 2605, 1),
(56019604800, 3206, 3),
(56019604800, 3316, 1),
(56019604800, 3310, 3),
(56019604800, 1712, 1),
(56019604800, 2208, 2),
(56019604800, 1211, 6),
(56019604800, 3300, 1),
(56019604800, 1105, 2),
(56019604800, 1700, 1),
(56019604800, 2601, 1),
(56019604800, 3201, 1),
(56019604800, 3312, 1),
(56019604800, 2800, 3),
(56019604800, 2701, 2),
(56019604800, 1314, 1),
(35562825400, 2207, 23),
(35562825400, 1105, 3),
(35562825400, 2805, 6),
(35562825400, 1703, 8),
(35562825400, 1705, 1),
(35562825400, 1700, 33),
(35562825400, 1708, 8),
(35562825400, 1702, 50),
(35562825400, 1706, 9),
(35562825400, 2701, 1),
(35562825400, 2209, 1),
(35562825400, 3315, 1),
(35562825400, 1712, 13),
(35562825400, 2210, 1),
(35562825400, 3103, 1),
(35562825400, 1704, 1),
(35562825400, 3205, 3),
(35562825400, 2600, 1),
(35562825400, 3200, 3),
(35562825400, 3310, 1),
(35562825400, 1711, 3),
(35562825400, 2200, 21),
(35562825400, 2614, 23),
(35562825400, 1709, 6),
(35562825400, 2800, 4),
(35562825400, 1707, 6),
(35562825400, 3206, 3),
(35562825400, 2206, 6),
(35562825400, 1710, 2),
(35562825400, 2208, 8),
(35562825400, 2700, 5),
(35562825400, 1300, 11),
(35562825400, 1203, 2),
(56019604800, 1200, 1),
(56019604800, 2802, 1),
(56019604800, 3207, 1),
(56019604800, 2700, 3),
(56019604800, 1300, 1),
(56019604800, 2207, 3),
(56019604800, 1202, 1),
(56019604800, 2200, 2),
(56019604800, 1203, 3),
(56019604800, 1707, 2),
(56019604800, 3200, 4),
(56019604800, 3205, 3),
(56019604800, 1711, 1),
(56019604800, 1702, 13),
(56019604800, 1709, 4),
(56019604800, 2805, 3),
(56019604800, 2605, 1),
(56019604800, 3206, 3),
(56019604800, 3316, 1),
(56019604800, 3310, 3),
(56019604800, 1712, 1),
(56019604800, 2208, 2),
(56019604800, 1211, 6),
(56019604800, 3300, 1),
(56019604800, 1105, 2),
(56019604800, 1700, 1),
(56019604800, 2601, 1),
(56019604800, 3201, 1),
(56019604800, 3312, 1),
(56019604800, 2800, 3),
(56019604800, 2701, 2),
(56019604800, 1314, 1),
(35562825400, 2207, 23),
(35562825400, 1105, 3),
(35562825400, 2805, 6),
(35562825400, 1703, 8),
(35562825400, 1705, 1),
(35562825400, 1700, 33),
(35562825400, 1708, 8),
(35562825400, 1702, 50),
(35562825400, 1706, 9),
(35562825400, 2701, 1),
(35562825400, 2209, 1),
(35562825400, 3315, 1),
(35562825400, 1712, 13),
(35562825400, 2210, 1),
(35562825400, 3103, 1),
(35562825400, 1704, 1),
(35562825400, 3205, 3),
(35562825400, 2600, 1),
(35562825400, 3200, 3),
(35562825400, 3310, 1),
(35562825400, 1711, 3),
(35562825400, 2200, 21),
(35562825400, 2614, 23),
(35562825400, 1709, 6),
(35562825400, 2800, 4),
(35562825400, 1707, 6),
(35562825400, 3206, 3),
(35562825400, 2206, 6),
(35562825400, 1710, 2),
(35562825400, 2208, 8),
(35562825400, 2700, 5),
(35562825400, 1300, 11),
(35562825400, 1203, 2),
(35562825400, 2207, 23),
(35562825400, 1105, 3),
(35562825400, 2805, 6),
(35562825400, 1703, 8),
(35562825400, 1705, 1),
(35562825400, 1700, 33),
(35562825400, 1708, 8),
(35562825400, 1702, 50),
(35562825400, 1706, 9),
(35562825400, 2701, 1),
(35562825400, 2209, 1),
(35562825400, 3315, 1),
(35562825400, 1712, 13),
(35562825400, 2210, 1),
(35562825400, 3103, 1),
(35562825400, 1704, 1),
(35562825400, 3205, 3),
(35562825400, 2600, 1),
(35562825400, 3200, 3),
(35562825400, 3310, 1),
(35562825400, 1711, 3),
(35562825400, 2200, 21),
(35562825400, 2614, 23),
(35562825400, 1709, 6),
(35562825400, 2800, 4),
(35562825400, 1707, 6),
(35562825400, 3206, 3),
(35562825400, 2206, 6),
(35562825400, 1710, 2),
(35562825400, 2208, 8),
(35562825400, 2700, 5),
(35562825400, 1300, 11),
(35562825400, 1203, 2),
(56019604800, 1200, 1),
(56019604800, 2802, 1),
(56019604800, 3207, 1),
(56019604800, 2700, 3),
(56019604800, 1300, 1),
(56019604800, 2207, 3),
(56019604800, 1202, 1),
(56019604800, 2200, 2),
(56019604800, 1203, 3),
(56019604800, 1707, 2),
(56019604800, 3200, 4),
(56019604800, 3205, 3),
(56019604800, 1711, 1),
(56019604800, 1702, 13),
(56019604800, 1709, 4),
(56019604800, 2805, 3),
(56019604800, 2605, 1),
(56019604800, 3206, 3),
(56019604800, 3316, 1),
(56019604800, 3310, 3),
(56019604800, 1712, 1),
(56019604800, 2208, 2),
(56019604800, 1211, 6),
(56019604800, 3300, 1),
(56019604800, 1105, 2),
(56019604800, 1700, 1),
(56019604800, 2601, 1),
(56019604800, 3201, 1),
(56019604800, 3312, 1),
(56019604800, 2800, 3),
(56019604800, 2701, 2),
(56019604800, 1314, 1),
(35562825400, 2207, 23),
(35562825400, 1105, 3),
(35562825400, 2805, 6),
(35562825400, 1703, 8),
(35562825400, 1705, 1),
(35562825400, 1700, 33),
(35562825400, 1708, 8),
(35562825400, 1702, 50),
(35562825400, 1706, 9),
(35562825400, 2701, 1),
(35562825400, 2209, 1),
(35562825400, 3315, 1),
(35562825400, 1712, 13),
(35562825400, 2210, 1),
(35562825400, 3103, 1),
(35562825400, 1704, 1),
(35562825400, 3205, 3),
(35562825400, 2600, 1),
(35562825400, 3200, 3),
(35562825400, 3310, 1),
(35562825400, 1711, 3),
(35562825400, 2200, 21),
(35562825400, 2614, 23),
(35562825400, 1709, 6),
(35562825400, 2800, 4),
(35562825400, 1707, 6),
(35562825400, 3206, 3),
(35562825400, 2206, 6),
(35562825400, 1710, 2),
(35562825400, 2208, 8),
(35562825400, 2700, 5),
(35562825400, 1300, 11),
(35562825400, 1203, 2),
(56019604800, 1200, 1),
(56019604800, 2802, 1),
(56019604800, 3207, 1),
(56019604800, 2700, 3),
(56019604800, 1300, 1),
(56019604800, 2207, 3),
(56019604800, 1202, 1),
(56019604800, 2200, 2),
(56019604800, 1203, 3),
(56019604800, 1707, 2),
(56019604800, 3200, 4),
(56019604800, 3205, 3),
(56019604800, 1711, 1),
(56019604800, 1702, 13),
(56019604800, 1709, 4),
(56019604800, 2805, 3),
(56019604800, 2605, 1),
(56019604800, 3206, 3),
(56019604800, 3316, 1),
(56019604800, 3310, 3),
(56019604800, 1712, 1),
(56019604800, 2208, 2),
(56019604800, 1211, 6),
(56019604800, 3300, 1),
(56019604800, 1105, 2),
(56019604800, 1700, 1),
(56019604800, 2601, 1),
(56019604800, 3201, 1),
(56019604800, 3312, 1),
(56019604800, 2800, 3),
(56019604800, 2701, 2),
(56019604800, 1314, 1),
(35562825400, 2207, 23),
(35562825400, 1105, 3),
(35562825400, 2805, 6),
(35562825400, 1703, 8),
(35562825400, 1705, 1),
(35562825400, 1700, 33),
(35562825400, 1708, 8),
(35562825400, 1702, 50),
(35562825400, 1706, 9),
(35562825400, 2701, 1),
(35562825400, 2209, 1),
(35562825400, 3315, 1),
(35562825400, 1712, 13),
(35562825400, 2210, 1),
(35562825400, 3103, 1),
(35562825400, 1704, 1),
(35562825400, 3205, 3),
(35562825400, 2600, 1),
(35562825400, 3200, 3),
(35562825400, 3310, 1),
(35562825400, 1711, 3),
(35562825400, 2200, 21),
(35562825400, 2614, 23),
(35562825400, 1709, 6),
(35562825400, 2800, 4),
(35562825400, 1707, 6),
(35562825400, 3206, 3),
(35562825400, 2206, 6),
(35562825400, 1710, 2),
(35562825400, 2208, 8),
(35562825400, 2700, 5),
(35562825400, 1300, 11),
(35562825400, 1203, 2),
(56019604800, 1200, 1),
(56019604800, 2802, 1),
(56019604800, 3207, 1),
(56019604800, 2700, 3),
(56019604800, 1300, 1),
(56019604800, 2207, 3),
(56019604800, 1202, 1),
(56019604800, 2200, 2),
(56019604800, 1203, 3),
(56019604800, 1707, 2),
(56019604800, 3200, 4),
(56019604800, 3205, 3),
(56019604800, 1711, 1),
(56019604800, 1702, 13),
(56019604800, 1709, 4),
(56019604800, 2805, 3),
(56019604800, 2605, 1),
(56019604800, 3206, 3),
(56019604800, 3316, 1),
(56019604800, 3310, 3),
(56019604800, 1712, 1),
(56019604800, 2208, 2),
(56019604800, 1211, 6),
(56019604800, 3300, 1),
(56019604800, 1105, 2),
(56019604800, 1700, 1),
(56019604800, 2601, 1),
(56019604800, 3201, 1),
(56019604800, 3312, 1),
(56019604800, 2800, 3),
(56019604800, 2701, 2),
(56019604800, 1314, 1),
(35562825400, 2207, 23),
(35562825400, 1105, 3),
(35562825400, 2805, 6),
(35562825400, 1703, 8),
(35562825400, 1705, 1),
(35562825400, 1700, 33),
(35562825400, 1708, 8),
(35562825400, 1702, 50),
(35562825400, 1706, 9),
(35562825400, 2701, 1),
(35562825400, 2209, 1),
(35562825400, 3315, 1),
(35562825400, 1712, 13),
(35562825400, 2210, 1),
(35562825400, 3103, 1),
(35562825400, 1704, 1),
(35562825400, 3205, 3),
(35562825400, 2600, 1),
(35562825400, 3200, 3),
(35562825400, 3310, 1),
(35562825400, 1711, 3),
(35562825400, 2200, 21),
(35562825400, 2614, 23),
(35562825400, 1709, 6),
(35562825400, 2800, 4),
(35562825400, 1707, 6),
(35562825400, 3206, 3),
(35562825400, 2206, 6),
(35562825400, 1710, 2),
(35562825400, 2208, 8),
(35562825400, 2700, 5),
(35562825400, 1300, 11),
(35562825400, 1203, 2),
(56019604800, 1200, 1),
(56019604800, 2802, 1),
(56019604800, 3207, 1),
(56019604800, 2700, 3),
(56019604800, 1300, 1),
(56019604800, 2207, 3),
(56019604800, 1202, 1),
(56019604800, 2200, 2),
(56019604800, 1203, 3),
(56019604800, 1707, 2),
(56019604800, 3200, 4),
(56019604800, 3205, 3),
(56019604800, 1711, 1),
(56019604800, 1702, 13),
(56019604800, 1709, 4),
(56019604800, 2805, 3),
(56019604800, 2605, 1),
(56019604800, 3206, 3),
(56019604800, 3316, 1),
(56019604800, 3310, 3),
(56019604800, 1712, 1),
(56019604800, 2208, 2),
(56019604800, 1211, 6),
(56019604800, 3300, 1),
(56019604800, 1105, 2),
(56019604800, 1700, 1),
(56019604800, 2601, 1),
(56019604800, 3201, 1),
(56019604800, 3312, 1),
(56019604800, 2800, 3),
(56019604800, 2701, 2),
(56019604800, 1314, 1),
(35562825400, 2207, 23),
(35562825400, 1105, 3),
(35562825400, 2805, 6),
(35562825400, 1703, 8),
(35562825400, 1705, 1),
(35562825400, 1700, 33),
(35562825400, 1708, 8),
(35562825400, 1702, 50),
(35562825400, 1706, 9),
(35562825400, 2701, 1),
(35562825400, 2209, 1),
(35562825400, 3315, 1),
(35562825400, 1712, 13),
(35562825400, 2210, 1),
(35562825400, 3103, 1),
(35562825400, 1704, 1),
(35562825400, 3205, 3),
(35562825400, 2600, 1),
(35562825400, 3200, 3),
(35562825400, 3310, 1),
(35562825400, 1711, 3),
(35562825400, 2200, 21),
(35562825400, 2614, 23),
(35562825400, 1709, 6),
(35562825400, 2800, 4),
(35562825400, 1707, 6),
(35562825400, 3206, 3),
(35562825400, 2206, 6),
(35562825400, 1710, 2),
(35562825400, 2208, 8),
(35562825400, 2700, 5),
(35562825400, 1300, 11),
(35562825400, 1203, 2),
(56019604800, 1200, 1),
(56019604800, 2802, 1),
(56019604800, 3207, 1),
(56019604800, 2700, 3),
(56019604800, 1300, 1),
(56019604800, 2207, 3),
(56019604800, 1202, 1),
(56019604800, 2200, 2),
(56019604800, 1203, 3),
(56019604800, 1707, 2),
(56019604800, 3200, 4),
(56019604800, 3205, 3),
(56019604800, 1711, 1),
(56019604800, 1702, 13),
(56019604800, 1709, 4),
(56019604800, 2805, 3),
(56019604800, 2605, 1),
(56019604800, 3206, 3),
(56019604800, 3316, 1),
(56019604800, 3310, 3),
(56019604800, 1712, 1),
(56019604800, 2208, 2),
(56019604800, 1211, 6),
(56019604800, 3300, 1),
(56019604800, 1105, 2),
(56019604800, 1700, 1),
(56019604800, 2601, 1),
(56019604800, 3201, 1),
(56019604800, 3312, 1),
(56019604800, 2800, 3),
(56019604800, 2701, 2),
(56019604800, 1314, 1),
(35562825400, 2207, 23),
(35562825400, 1105, 3),
(35562825400, 2805, 6),
(35562825400, 1703, 8),
(35562825400, 1705, 1),
(35562825400, 1700, 33),
(35562825400, 1708, 8),
(35562825400, 1702, 50),
(35562825400, 1706, 9),
(35562825400, 2701, 1),
(35562825400, 2209, 1),
(35562825400, 3315, 1),
(35562825400, 1712, 13),
(35562825400, 2210, 1),
(35562825400, 3103, 1),
(35562825400, 1704, 1),
(35562825400, 3205, 3),
(35562825400, 2600, 1),
(35562825400, 3200, 3),
(35562825400, 3310, 1),
(35562825400, 1711, 3),
(35562825400, 2200, 21),
(35562825400, 2614, 23),
(35562825400, 1709, 6),
(35562825400, 2800, 4),
(35562825400, 1707, 6),
(35562825400, 3206, 3),
(35562825400, 2206, 6),
(35562825400, 1710, 2),
(35562825400, 2208, 8),
(35562825400, 2700, 5),
(35562825400, 1300, 11),
(35562825400, 1203, 2),
(56019604800, 1200, 1),
(56019604800, 2802, 1),
(56019604800, 3207, 1),
(56019604800, 2700, 3),
(56019604800, 1300, 1),
(56019604800, 2207, 3),
(56019604800, 1202, 1),
(56019604800, 2200, 2),
(56019604800, 1203, 3),
(56019604800, 1707, 2),
(56019604800, 3200, 4),
(56019604800, 3205, 3),
(56019604800, 1711, 1),
(56019604800, 1702, 13),
(56019604800, 1709, 4),
(56019604800, 2805, 3),
(56019604800, 2605, 1),
(56019604800, 3206, 3),
(56019604800, 3316, 1),
(56019604800, 3310, 3),
(56019604800, 1712, 1),
(56019604800, 2208, 2),
(56019604800, 1211, 6),
(56019604800, 3300, 1),
(56019604800, 1105, 2),
(56019604800, 1700, 1),
(56019604800, 2601, 1),
(56019604800, 3201, 1),
(56019604800, 3312, 1),
(56019604800, 2800, 3),
(56019604800, 2701, 2),
(56019604800, 1314, 1);

-- --------------------------------------------------------

--
-- Structure de la table `scopus_author_institution`
--

CREATE TABLE `scopus_author_institution` (
  `scopus_author_id` bigint(20) UNSIGNED NOT NULL,
  `scopus_institution_id` bigint(20) UNSIGNED NOT NULL,
  `current_affiliation` tinyint(1) NOT NULL DEFAULT '0'
) ENGINE=InnoDB DEFAULT CHARSET=utf8 COLLATE=utf8_unicode_ci;

--
-- RELATIONS POUR LA TABLE `scopus_author_institution`:
--

--
-- Contenu de la table `scopus_author_institution`
--

INSERT INTO `scopus_author_institution` (`scopus_author_id`, `scopus_institution_id`, `current_affiliation`) VALUES
(6507061932, 60001741, 0),
(6507061932, 107900084, 1),
(6507687409, 60026638, 0),
(6507687409, 106766975, 1),
(6603110431, 60017366, 1),
(6603110431, 60025534, 0),
(6603550196, 60014652, 0),
(6603550196, 114916029, 1),
(6701318494, 60027090, 0),
(6701318494, 60031806, 0),
(6701318494, 60031892, 0),
(6701318494, 60074812, 0),
(6701318494, 100499765, 0),
(6701318494, 100703407, 0),
(6701318494, 100819699, 0),
(6701318494, 100906226, 0),
(6701318494, 101748084, 0),
(6701318494, 105620962, 0),
(6701318494, 106678324, 0),
(6701318494, 111595001, 0),
(6701318494, 112681998, 0),
(6701318494, 113277296, 0),
(6701318494, 114576667, 0),
(6701318494, 114724283, 1),
(6701318494, 114766368, 0),
(6701792423, 60017191, 1),
(6701792423, 60025689, 0),
(6701792423, 60030612, 0),
(6701809259, 60017317, 0),
(6701809259, 60019702, 0),
(6701809259, 109868060, 1),
(6701881882, 60005248, 0),
(6701881882, 60024324, 0),
(6701881882, 60027485, 0),
(6701881882, 60028609, 0),
(6701881882, 60085674, 0),
(6701881882, 100616282, 0),
(6701881882, 113407034, 1),
(7003896725, 60000251, 0),
(7003896725, 60013183, 0),
(7003896725, 60014272, 1),
(7003896725, 60032730, 0),
(7003896725, 101635320, 0),
(7004052541, 60001741, 0),
(7004052541, 60026796, 0),
(7004052541, 60028442, 0),
(7004052541, 100974258, 0),
(7004052541, 101742974, 0),
(7004052541, 107900084, 1),
(7006294703, 60018527, 0),
(7006294703, 60025689, 0),
(7006294703, 60028039, 0),
(7006294703, 60032179, 0),
(7006294703, 60032445, 0),
(7006294703, 100326179, 0),
(7006294703, 100363899, 0),
(7006294703, 100438675, 0),
(7006294703, 100724414, 0),
(7006294703, 107622609, 0),
(7006294703, 113532113, 1),
(7102125350, 60027272, 0),
(7102125350, 112605579, 1),
(7102156170, 60002634, 0),
(7102156170, 60026851, 0),
(7102156170, 60029411, 0),
(7102156170, 60031641, 0),
(7102156170, 60032795, 0),
(7102156170, 101138827, 1),
(7102156170, 109626678, 0),
(7102156170, 113166829, 0),
(7402657185, 60001633, 0),
(7402657185, 60003537, 0),
(7402657185, 60004898, 0),
(7402657185, 60005517, 0),
(7402657185, 60006222, 0),
(7402657185, 60008293, 0),
(7402657185, 60012831, 0),
(7402657185, 60022195, 0),
(7402657185, 60025858, 0),
(7402657185, 60026124, 0),
(7402657185, 60027960, 0),
(7402657185, 60029311, 0),
(7402657185, 60031581, 0),
(7402657185, 60032445, 0),
(7402657185, 60070530, 0),
(7402657185, 60072280, 0),
(7402657185, 60072496, 0),
(7402657185, 60078021, 0),
(7402657185, 60078345, 0),
(7402657185, 100341165, 1),
(7402657185, 100361409, 0),
(7402657185, 108718666, 0),
(7402657185, 112496634, 0),
(7402657185, 112879205, 0),
(7405408905, 60000891, 0),
(7405408905, 60001104, 0),
(7405408905, 60001359, 0),
(7405408905, 60006084, 0),
(7405408905, 60007174, 0),
(7405408905, 60007774, 0),
(7405408905, 60011520, 0),
(7405408905, 60014138, 0),
(7405408905, 60015186, 0),
(7405408905, 60017161, 0),
(7405408905, 60019778, 0),
(7405408905, 60019953, 0),
(7405408905, 60022148, 0),
(7405408905, 60024652, 0),
(7405408905, 60025225, 0),
(7405408905, 60027485, 0),
(7405408905, 60029470, 0),
(7405408905, 60029738, 0),
(7405408905, 60030318, 0),
(7405408905, 60030623, 0),
(7405408905, 60031101, 0),
(7405408905, 60031190, 0),
(7405408905, 60031482, 0),
(7405408905, 60031745, 0),
(7405408905, 60031828, 0),
(7405408905, 60033387, 0),
(7405408905, 60077444, 0),
(7405408905, 60079645, 0),
(7405408905, 100312827, 0),
(7405408905, 100406852, 0),
(7405408905, 101200698, 0),
(7405408905, 101418328, 0),
(7405408905, 101731061, 0),
(7405408905, 103616384, 1),
(7405408905, 105340980, 0),
(7405408905, 106455776, 0),
(7801413307, 60008724, 1),
(7801413307, 60012708, 0),
(7801413307, 60018527, 0),
(7801413307, 60032179, 0),
(7801477210, 60033420, 1),
(8707306300, 60001271, 0),
(8707306300, 60027012, 0),
(8707306300, 106264205, 1),
(9736168000, 104136088, 1),
(11043654100, 103779493, 1),
(13105239600, 60015150, 0),
(13105239600, 60020623, 0),
(13105239600, 113572237, 1),
(15762485400, 60001359, 0),
(15762485400, 60015150, 0),
(15762485400, 60017317, 0),
(15762485400, 109289595, 1),
(16070745100, 60009550, 0),
(16070745100, 60011520, 0),
(16070745100, 60013372, 1),
(16070745100, 60030398, 0),
(16070745100, 60032211, 0),
(16231088400, 60015540, 0),
(16231088400, 60020829, 1),
(16231088400, 60025272, 0),
(16231088400, 60030888, 0),
(16440544600, 60024324, 1),
(24823912300, 60011972, 0),
(24823912300, 60018431, 0),
(24823912300, 60025534, 0),
(24823912300, 113462078, 1),
(24824921000, 103889545, 1),
(26421079400, 60001741, 0),
(26421079400, 113353916, 0),
(26421079400, 114380723, 0),
(26421079400, 114515878, 1),
(26643216300, 60002149, 0),
(26643216300, 60025225, 0),
(26643216300, 60027863, 0),
(26643216300, 105281498, 0),
(26643216300, 108124526, 1),
(26667568400, 60011686, 0),
(26667568400, 113532113, 1),
(34969259400, 112983066, 1),
(35562825400, 60000251, 0),
(35562825400, 60010325, 0),
(35562825400, 60017697, 1),
(35562825400, 60021199, 0),
(35562825400, 100449173, 0),
(35562825400, 101614434, 0),
(35562825400, 113023656, 0),
(35569005900, 60022180, 0),
(35569005900, 104136088, 1),
(56019604800, 60004466, 0),
(56019604800, 60010586, 0),
(56019604800, 60025153, 0),
(56019604800, 107514343, 0),
(56019604800, 114609671, 1),
(56213128400, 60010818, 0),
(56213128400, 60015150, 0),
(56213128400, 60017317, 0),
(56213128400, 60020623, 0),
(56213128400, 100504936, 0),
(56213128400, 113723785, 1),
(56489581600, 114916029, 1);

-- --------------------------------------------------------

--
-- Structure de la table `scopus_institution_profile`
--

CREATE TABLE `scopus_institution_profile` (
  `id` bigint(20) UNSIGNED NOT NULL,
  `afdispname` varchar(200) COLLATE utf8_unicode_ci NOT NULL,
  `preferred-name` varchar(200) COLLATE utf8_unicode_ci NOT NULL,
  `sort-name` varchar(200) COLLATE utf8_unicode_ci NOT NULL,
  `city` varchar(200) COLLATE utf8_unicode_ci NOT NULL,
  `country` varchar(200) COLLATE utf8_unicode_ci NOT NULL
) ENGINE=InnoDB DEFAULT CHARSET=utf8 COLLATE=utf8_unicode_ci;

--
-- RELATIONS POUR LA TABLE `scopus_institution_profile`:
--

--
-- Contenu de la table `scopus_institution_profile`
--

INSERT INTO `scopus_institution_profile` (`id`, `afdispname`, `preferred-name`, `sort-name`, `city`, `country`) VALUES
(60000251, 'IEEE', 'IEEE', 'IEEE', 'New York', 'United States'),
(60000891, 'Loughborough University', 'Loughborough University', 'Loughborough University', 'Loughborough', ''),
(60001104, 'Demokritos National Centre for Scientific Research', 'Demokritos National Centre for Scientific Research', 'Demokritos National Centre for Scientific Research', 'Athens', 'Greece'),
(60001271, 'Advanced Telecommunications Research Institute International (ATR)', 'Advanced Telecommunications Research Institute International (ATR)', 'Advanced Telecommunications Research Institute International (ATR)', 'Kyoto', 'Japan'),
(60001359, 'University of Essex', 'University of Essex', 'Essex, University of', 'Colchester', 'United Kingdom'),
(60001633, 'Weatherall Institute of Molecular Medicine', 'Weatherall Institute of Molecular Medicine', 'Weatherall Institute of Molecular Medicine', 'Oxford', 'United Kingdom'),
(60001741, 'Universidad Carlos III de Madrid', 'Universidad Carlos III de Madrid', 'Carlos III de Madrid, Universidad', 'Madrid', 'Spain'),
(60002149, 'Le reseau de l''Universite du Quebec', 'Le reseau de l''Universite du Quebec', 'Quebec System, University of', '', 'Canada'),
(60002634, 'University of Oxford Medical Sciences Division', 'University of Oxford Medical Sciences Division', 'Oxford Medical Sciences Division, University of', 'Oxford', 'United Kingdom'),
(60003537, 'Rockwell International', 'Rockwell International', 'Rockwell International', 'Canoga Park', 'United States'),
(60004466, 'Libera Universita di Lingue e Comunicazione IULM', 'Libera Universita di Lingue e Comunicazione IULM', 'IULM University of Languages and Communication', 'Milan', 'Italy'),
(60004898, 'Max Planck Institute for Biological Cybernetics', 'Max Planck Institute for Biological Cybernetics', 'Max Planck Institute for Biological Cybernetics', 'Tubingen', 'Germany'),
(60005248, 'Johns Hopkins University', 'Johns Hopkins University', 'Johns Hopkins University', 'Baltimore', 'United States'),
(60005517, 'Wellcome Trust Sanger Institute', 'Wellcome Trust Sanger Institute', 'Wellcome Trust Sanger Institute', 'Cambridge', 'United Kingdom'),
(60006084, 'Institut des Hautes Etudes Scientifiques', 'Institut des Hautes Etudes Scientifiques', 'Institut des Hautes Etudes Scientifiques', 'Bures sur Yvette', 'France'),
(60006222, 'Newcastle University, United Kingdom', 'Newcastle University, United Kingdom', 'Newcastle University, United Kingdom', 'Newcastle', 'United Kingdom'),
(60007174, 'Lawrence Berkeley National Laboratory', 'Lawrence Berkeley National Laboratory', 'Lawrence Berkeley National Laboratory', 'Berkeley', 'United States'),
(60007774, 'Forschungszentrum Jülich (FZJ)', 'Forschungszentrum Jülich (FZJ)', 'Forschungszentrum Julich GmbH', 'Julich', 'Germany'),
(60008293, 'Universitat Bremen', 'Universitat Bremen', 'Bremen University', 'Bremen', 'Germany'),
(60008724, 'Duke University', 'Duke University', 'Duke University', 'Durham', 'United States'),
(60009550, 'Northern Illinois University', 'Northern Illinois University', 'Northern Illinois University', 'DeKalb', 'United States'),
(60010325, 'Istituto Di Calcolo E Reti Ad Alte Prestazioni, Rende', 'Istituto Di Calcolo E Reti Ad Alte Prestazioni, Rende', 'Istituto Di Calcolo E Reti Ad Alte Prestazioni, Rende', 'Rende', 'Italy'),
(60010586, 'Universitat Ulm', 'Universitat Ulm', 'Ulm, University of', 'Ulm', 'Germany'),
(60010818, 'University of Kent', 'University of Kent', 'Kent, University of', 'Canterbury', 'United Kingdom'),
(60011686, 'Max Planck Institute of Neurobiology', 'Max Planck Institute of Neurobiology', 'Max Planck Institute of Neurobiology', 'Planegg', 'Germany'),
(60011972, 'Air Force Research Laboratory Information Directorate', 'Air Force Research Laboratory Information Directorate', 'Air Force Research Laboratory Information Directorate', 'Rome', 'United States'),
(60012708, 'Stanford University', 'Stanford University', 'Stanford University', 'Palo Alto', 'United States'),
(60012831, 'University of Rochester School of Medicine and Dentistry', 'University of Rochester School of Medicine and Dentistry', 'Rochester School of Medicine and Dentistry, University of', 'Rochester', 'United States'),
(60013183, 'King Saud University', 'King Saud University', 'King Saud University', 'Riyadh', 'Saudi Arabia'),
(60013372, 'University of Texas at Austin', 'University of Texas at Austin', 'Texas at Austin, University of', 'Austin', 'United States'),
(60014138, 'Institute of Informatics and Telecommunications, Athens', 'Institute of Informatics and Telecommunications, Athens', 'Institute of Informatics and Telecommunications, Athens', 'Athens', 'Greece'),
(60014272, 'Patna University', 'Patna University', 'Patna University', 'Patna', 'India'),
(60014652, 'Hokkaido University', 'Hokkaido University', 'Hokkaido University', 'Sapporo', 'Japan'),
(60015150, 'Imperial College London', 'Imperial College London', 'Imperial College London', 'London', 'United Kingdom'),
(60015186, 'University of Saskatchewan', 'University of Saskatchewan', 'Saskatchewan, University of', 'Saskatoon', 'Canada'),
(60015540, 'Japan Society for the Promotion of Science', 'Japan Society for the Promotion of Science', 'Japan Society for the Promotion of Science', 'Tokyo', 'Japan'),
(60017161, 'National University of Singapore', 'National University of Singapore', 'National University of Singapore', 'Singapore City', 'Singapore'),
(60017191, 'Point Loma Nazarene University', 'Point Loma Nazarene University', 'Point Loma Nazarene University', 'San Diego', 'United States'),
(60017317, 'University of Sussex', 'University of Sussex', 'Sussex, University of', 'Sussex', 'United Kingdom'),
(60017366, 'IBM Thomas J. Watson Research Center', 'IBM Thomas J. Watson Research Center', 'IBM Thomas J. Watson Research Center', 'Yorktown Heights', 'United States'),
(60017697, 'Universita degli Studi di Palermo', 'Universita degli Studi di Palermo', 'Palermo, University of', 'Palermo', 'Italy'),
(60018431, 'Office of Naval Research', 'Office of Naval Research', 'Office of Naval Research', 'Arlington', 'United States'),
(60018527, 'University of Wisconsin', 'University of Wisconsin', 'Wisconsin, University of', 'Madison', 'United States'),
(60019702, 'University of Birmingham', 'University of Birmingham', 'Birmingham, University of', 'Birmingham', 'United Kingdom'),
(60019778, 'European Organization for Nuclear Research', 'European Organization for Nuclear Research', 'European Organization for Nuclear Research', 'Geneve', 'Switzerland'),
(60019953, 'UCL Institute of Neurology', 'UCL Institute of Neurology', 'UCL Institute of Neurology', 'London', 'United Kingdom'),
(60020623, 'Brunel University', 'Brunel University', 'Brunel University', 'London', 'United Kingdom'),
(60020829, 'Riken Brain Science Institute', 'Riken Brain Science Institute', 'Riken Brain Science Institute', 'Wako', 'Japan'),
(60021199, 'Consiglio Nazionale delle Ricerche', 'Consiglio Nazionale delle Ricerche', 'Italian National Research Council', 'Rome', 'Italy'),
(60022148, 'UCL', 'UCL', 'College London, University', 'London', 'United Kingdom'),
(60022180, 'Meiji University', 'Meiji University', 'Meiji University', 'Tokyo', 'Japan'),
(60022195, 'Massachusetts Institute of Technology', 'Massachusetts Institute of Technology', 'Massachusetts Institute of Technology', 'Cambridge', 'United States'),
(60024324, 'University of Iowa', 'University of Iowa', 'Iowa, University of', 'Iowa City', 'United States'),
(60024652, 'Universite Paris-Sud XI', 'Universite Paris-Sud XI', 'Paris-Sud XI, Universite', 'Orsay', 'France'),
(60025153, 'Universita degli Studi di Genova', 'Universita degli Studi di Genova', 'Genoa, University of', 'Genoa', 'Italy'),
(60025225, 'University of Southampton', 'University of Southampton', 'Southampton, University of', 'Southampton', 'United Kingdom'),
(60025272, 'University of Tokyo', 'University of Tokyo', 'Tokyo, University of', 'Tokyo', 'Japan'),
(60025534, 'Rensselaer Polytechnic Institute', 'Rensselaer Polytechnic Institute', 'Rensselaer Polytechnic Institute', 'Troy', 'United States'),
(60025689, 'Neurosciences Institute, San Diego', 'Neurosciences Institute, San Diego', 'Neurosciences Institute, San Diego', 'San Diego', 'United States'),
(60025858, 'Eidgenossische Technische Hochschule Zurich', 'Eidgenossische Technische Hochschule Zurich', 'Swiss Federal Institute of Technology, Zurich', 'Zurich', 'Switzerland'),
(60026124, 'European Bioinformatics Institute', 'European Bioinformatics Institute', 'European Bioinformatics Institute', 'Cambridge', 'United Kingdom'),
(60026638, 'Nokia', 'Nokia', 'Nokia', 'Espoo', 'Finland'),
(60026796, 'Universidad Autonoma de Madrid', 'Universidad Autonoma de Madrid', 'Madrid, Universidad Autonoma de', 'Madrid', 'Spain'),
(60026851, 'University of Oxford', 'University of Oxford', 'Oxford, University of', 'Oxford', 'United Kingdom'),
(60027012, 'Politechnika Gdanska', 'Politechnika Gdanska', 'Polytechnic University, Gdansk', 'Gdansk', 'Poland'),
(60027090, 'Virginia Polytechnic Institute and State University', 'Virginia Polytechnic Institute and State University', 'Virginia Tech', 'Blacksburg', 'United States'),
(60027272, 'University of Edinburgh', 'University of Edinburgh', 'Edinburgh, University of', 'Edinburgh', 'United Kingdom'),
(60027485, 'Institute for Advanced Studies', 'Institute for Advanced Studies', 'Institute for Advanced Studies', 'Princeton', 'United States'),
(60027863, 'Universite du Quebec a Montreal', 'Universite du Quebec a Montreal', 'Quebec in Montreal, University of', 'Montreal', 'Canada'),
(60027960, 'Rockwell International Science Center', 'Rockwell International Science Center', 'Rockwell International Science Center', 'Thousand Oaks', 'United States'),
(60028442, 'Universidad Politecnica de Madrid', 'Universidad Politecnica de Madrid', 'Technical University of Madrid', 'Madrid', 'Spain'),
(60028609, 'Argonne National Laboratory', 'Argonne National Laboratory', 'Argonne National Laboratory', 'Argonne', 'United States'),
(60029311, 'University of Southern California', 'University of Southern California', 'Southern California, University of', 'Los Angeles', 'United States'),
(60029411, 'Istituto di Ricerche Farmacologiche Mario Negri', 'Istituto di Ricerche Farmacologiche Mario Negri', 'Mario Negri Institute for Pharmacological Research', 'Milan', 'Italy'),
(60029470, 'Commonwealth Scientific and Industrial Research Organization', 'Commonwealth Scientific and Industrial Research Organization', 'Commonwealth Scientific and Industrial Research Organization', 'Melbourne', 'Australia'),
(60030318, 'Universita degli Studi di Milano', 'Universita degli Studi di Milano', 'Milan, University of', 'Milan', 'Italy'),
(60030398, 'Temple University', 'Temple University', 'Temple University', 'Philadelphia', 'United States'),
(60030612, 'University of California, San Diego', 'University of California, San Diego', 'California, San Diego, University of', 'San Diego', 'United States'),
(60030623, 'Rutgers, The State University of New Jersey', 'Rutgers, The State University of New Jersey', 'Rutgers University', 'New Brunswick', 'United States'),
(60030888, 'Brain Science Institute Wako', 'Brain Science Institute Wako', 'Brain Science Institute Wako', 'Wako', 'Japan'),
(60031101, 'University of Cambridge', 'University of Cambridge', 'Cambridge, University of', 'Cambridge', 'United Kingdom'),
(60031190, 'Hirst Research Centre', 'Hirst Research Centre', 'Hirst Research Centre', '', 'United Kingdom'),
(60031482, 'Universidade Federal de Pernambuco', 'Universidade Federal de Pernambuco', 'Federal University of Pernambuco', 'Recife', 'Brazil'),
(60031581, 'California Institute of Technology', 'California Institute of Technology', 'California Institute of Technology', 'Pasadena', 'United States'),
(60031641, 'Magdalen College', 'Magdalen College', 'Magdalen College', 'Oxford', 'United Kingdom'),
(60031745, 'Abdus Salam International Centre for Theoretical Physics', 'Abdus Salam International Centre for Theoretical Physics', 'Abdus Salam International Centre for Theoretical Physics', 'Trieste', 'Italy'),
(60031806, 'University of Western Australia', 'University of Western Australia', 'Western Australia, University of', 'Perth', 'Australia'),
(60031828, 'McMaster University', 'McMaster University', 'McMaster University', 'Hamilton', 'Canada'),
(60031892, 'University of Nevada, Las Vegas', 'University of Nevada, Las Vegas', 'Nevada, Las Vegas, University of', 'Las Vegas', 'United States'),
(60032179, 'University of Wisconsin Madison', 'University of Wisconsin Madison', 'Wisconsin Madison, University of', 'Madison', 'United States'),
(60032211, 'University of Texas System', 'University of Texas System', 'Texas System, University of', 'Austin', 'United States'),
(60032445, 'Salk Institute for Biological Studies', 'Salk Institute for Biological Studies', 'Salk Institute', 'San Diego', 'United States'),
(60032730, 'Indian Institute of Technology Delhi', 'Indian Institute of Technology Delhi', 'Indian Institute of Technology, Delhi', 'New Delhi', 'India'),
(60032795, 'CSIC-UAM - Instituto de F&iacute;sica Te&oacute;rica (IFT)', 'CSIC-UAM - Instituto de F&iacute;sica Te&oacute;rica (IFT)', 'CSIC-UAM - Institute of Theoretical Physics', 'Madrid', 'Spain'),
(60033387, 'University of London', 'University of London', 'London, University of', 'London', 'United Kingdom'),
(60033420, 'York University', 'York University', 'York University Canada', 'Toronto', 'Canada'),
(60070530, 'Institute of Neuroinformatics, Zurich', 'Institute of Neuroinformatics, Zurich', 'Institute of Neuroinformatics, Zurich', 'Zurich', 'Switzerland'),
(60072280, 'Walter Schottky Institute', 'Walter Schottky Institute', 'Walter Schottky Institute', 'Garching bei Munchen', 'Germany'),
(60072496, 'Abbott GmbH', 'Abbott GmbH', 'Abbott GmbH', 'Ludwigshafen', 'Germany'),
(60074812, 'Novamente', 'Novamente', 'Novamente', 'San Francisco', 'United States'),
(60077444, 'RIAS Incorporated', 'RIAS Incorporated', 'RIAS Incorporated', 'Baltimore', 'United States'),
(60078021, 'Tanner Research, Inc.', 'Tanner Research, Inc.', 'Tanner Research, Inc.', 'Monrovia', 'United States'),
(60078345, 'Qiagen GmbH', 'Qiagen GmbH', 'Qiagen GmbH', 'Hilden', 'Germany'),
(60085674, 'Institute for Nuclear Research, Warszawa', 'Institute for Nuclear Research, Warszawa', 'Institute for Nuclear Research, Warszawa', 'Warsaw', 'Poland'),
(100312827, 'Dipartimento di Scienze della Terra', 'Dipartimento di Scienze della Terra', 'Dipartimento di Scienze della Terra', 'Milan', 'Italy'),
(100326179, 'Neurosciences Institute', 'Neurosciences Institute', 'Neurosciences Institute', 'New York', 'United States'),
(100341165, 'Allen Institute for Brain Science', 'Allen Institute for Brain Science', 'Allen Institute for Brain Science', 'Seattle', 'United States'),
(100361409, 'Computation and Neural Systems', 'Computation and Neural Systems', 'Computation and Neural Systems', 'Pasadena', 'United States'),
(100363899, 'Dipto. di Fisiologia e Biochimica', 'Dipto. di Fisiologia e Biochimica', 'Dipto. di Fisiologia e Biochimica', 'Pisa', 'Italy'),
(100406852, 'GEC-Marconi', 'GEC-Marconi', 'GEC-Marconi', 'Towcester', 'United Kingdom'),
(100438675, 'Dipartimento di Fisiologia e Biochimica', 'Dipartimento di Fisiologia e Biochimica', 'Dipartimento di Fisiologia e Biochimica', 'Pisa', 'Italy'),
(100449173, 'Centro per la Ricerca Elettronica in Sicilia', 'Centro per la Ricerca Elettronica in Sicilia', 'Centro per la Ricerca Elettronica in Sicilia', 'Monreale', 'Italy'),
(100499765, 'Biomind LLC', 'Biomind LLC', 'Biomind LLC', 'Rockville', 'United States'),
(100504936, 'West Ham College of Technology', 'West Ham College of Technology', 'West Ham College of Technology', 'London', 'United Kingdom'),
(100616282, 'Research Institute for Theoretical Physics', 'Research Institute for Theoretical Physics', 'Research Institute for Theoretical Physics', 'Helsinki', 'Finland'),
(100703407, 'Mathematics of Nevada', 'Mathematics of Nevada', 'Mathematics of Nevada', 'Las Vegas', 'United States'),
(100724414, 'Dipt. Fisiologia Med. Biochimica', 'Dipt. Fisiologia Med. Biochimica', 'Dipt. Fisiologia Med. Biochimica', 'Pisa', 'Italy'),
(100819699, 'LLC', 'LLC', 'LLC', 'Chevy Chase', 'United States'),
(100906226, 'Intelligenesis Corp.', 'Intelligenesis Corp.', 'Intelligenesis Corp.', 'New York', 'United States'),
(100974258, 'ScaLab', 'ScaLab', 'ScaLab', 'Leganes', 'Spain'),
(101138827, 'Oxford Centre for Computational Neuroscience', 'Oxford Centre for Computational Neuroscience', 'Oxford Centre for Computational Neuroscience', 'Oxford', 'United Kingdom'),
(101200698, 'Richard Taunton Coll.', 'Richard Taunton Coll.', 'Richard Taunton Coll.', 'Southampton', 'United Kingdom'),
(101418328, 'The State University', 'The State University', 'The State University', '', 'Canada'),
(101614434, 'DINFO', 'DINFO', 'DINFO', 'Palermo', 'Italy'),
(101635320, 'Chemical Engineering', 'Chemical Engineering', 'Chemical Engineering', 'New Delhi', 'India'),
(101731061, 'Lobal Technologies', 'Lobal Technologies', 'Lobal Technologies', 'London', 'United Kingdom'),
(101742974, 'Complex Adaptive Systems Group', 'Complex Adaptive Systems Group', 'Complex Adaptive Systems Group', '', 'Spain'),
(101748084, 'Biomind LLC', 'Biomind LLC', 'Biomind LLC', 'Silver Spring', 'United States'),
(103779493, 'Imperial College London, Department of Electrical Engineering', 'Department of Electrical Engineering', 'Department of Electrical Engineering', 'London', 'United Kingdom'),
(104136088, 'Meiji University, Department of Computer Science', 'Department of Computer Science', 'Department of Computer Science', 'Tokyo', 'Japan'),
(105281498, 'Behavioral and Brain Sciences', 'Behavioral and Brain Sciences', 'Behavioral and Brain Sciences', 'Princeton', 'United States'),
(105340980, 'Centre for Neural Networks', 'Centre for Neural Networks', 'Centre for Neural Networks', '', 'United Kingdom'),
(105620962, 'AGIRI - Artificial General Intelligence Research Institute', 'AGIRI - Artificial General Intelligence Research Institute', 'AGIRI - Artificial General Intelligence Research Institute', 'Rockville', 'United States'),
(106264205, 'Cama-Soft A.I. Lab', 'Cama-Soft A.I. Lab', 'Cama-Soft A.I. Lab', 'Gdynia', 'Poland'),
(106455776, 'IME', 'IME', 'IME', 'Julich', 'Germany'),
(106678324, 'Dragonfly', 'Dragonfly', 'Dragonfly', 'Wellington', 'New Zealand'),
(106766975, 'University of Illinois at Springfield, Department of Philosophy', 'Department of Philosophy', 'Department of Philosophy', 'Springfield', 'United States'),
(107514343, 'IULM University', 'IULM University', 'IULM University', '', 'Italy'),
(107622609, 'Dipartimento di Fisiologia e Biochimica', 'Dipartimento di Fisiologia e Biochimica', 'Dipartimento di Fisiologia e Biochimica', 'Pisa', 'Italy'),
(107900084, 'Universidad Carlos III de Madrid, Department of Computer Science', 'Department of Computer Science', 'Department of Computer Science', 'Madrid', 'Spain'),
(108124526, 'University of Southampton, Department of Psychology', 'Department of Psychology', 'Department of Psychology', 'Southampton', 'United Kingdom'),
(108718666, 'Division of Engineering and Applied Science', 'Division of Engineering and Applied Science', 'Division of Engineering and Applied Science', 'Pasadena', 'United States'),
(109289595, 'University of Sussex, Department of Informatics', 'Department of Informatics', 'Department of Informatics', 'Sussex', 'United Kingdom'),
(109626678, 'Oxford Centre for Computational Neuroscience', 'Oxford Centre for Computational Neuroscience', 'Oxford Centre for Computational Neuroscience', 'Oxford', 'United Kingdom'),
(109868060, 'School of Computer Science', 'School of Computer Science', 'School of Computer Science', 'Birmingham', 'United Kingdom'),
(111595001, 'Singularity Institute for Artificial Intelligence', 'Singularity Institute for Artificial Intelligence', 'Singularity Institute for Artificial Intelligence', 'San Francisco', 'United States'),
(112605579, 'University of Edinburgh, School of Informatics', 'School of Informatics', 'School of Informatics', 'Edinburgh', 'United Kingdom'),
(112681998, 'Fujian Key Laboratory of the Brain-like Intelligent Systems', 'Fujian Key Laboratory of the Brain-like Intelligent Systems', 'Fujian Key Laboratory of the Brain-like Intelligent Systems', 'Xiamen', 'China'),
(112879205, 'Computation and Neural Systems Program', 'Computation and Neural Systems Program', 'Computation and Neural Systems Program', 'Pasadena', 'United States'),
(112983066, 'University of Melbourne, Department of Electrical and Electronic Engineering', 'Department of Electrical and Electronic Engineering', 'Department of Electrical and Electronic Engineering', 'Parkville', 'Australia'),
(113023656, 'Dipartimento di Ingegneria Chimica', 'Dipartimento di Ingegneria Chimica', 'Dipartimento di Ingegneria Chimica', 'Cagliari', 'Italy'),
(113166829, 'Oxford Centre for Computational Neuroscience', 'Oxford Centre for Computational Neuroscience', 'Oxford Centre for Computational Neuroscience', 'Oxford', 'United Kingdom'),
(113277296, 'Aidyia Ltd.', 'Aidyia Ltd.', 'Aidyia Ltd.', '', 'Hong Kong'),
(113353916, 'U-Tad', 'U-Tad', 'U-Tad', 'Las Rozas', 'Spain'),
(113407034, 'University of Iowa, Department of Physics and Astronomy', 'Department of Physics and Astronomy', 'Department of Physics and Astronomy', 'Iowa City', 'United States'),
(113462078, 'Office of Naval Research, Human and Bioengineered Systems', 'Human and Bioengineered Systems', 'Human and Bioengineered Systems', 'Arlington', 'United States'),
(113532113, 'University of Wisconsin Madison, Department of Psychiatry', 'Department of Psychiatry', 'Department of Psychiatry', 'Madison', 'United States'),
(113572237, 'Brunel University, School of Social Sciences', 'School of Social Sciences', 'School of Social Sciences', 'London', 'United Kingdom'),
(113723785, 'Imperial College London, Department of Electrical and Electronic Engineering', 'Department of Electrical and Electronic Engineering', 'Department of Electrical and Electronic Engineering', 'London', 'United Kingdom'),
(114380723, 'University Centre of Technology and Digital Art', 'University Centre of Technology and Digital Art', 'Centre of Technology and Digital Art, University', 'Las Rozas', 'Spain'),
(114515878, 'Conscious Machines Lab', 'Conscious Machines Lab', 'Conscious Machines Lab', 'Madrid', 'Spain'),
(114576667, 'OpenCog Foundation', 'OpenCog Foundation', 'OpenCog Foundation', 'Hong Kong', 'Hong Kong'),
(114609671, 'Libera Universita di Lingue e Comunicazione IULM, Institute of Communication', 'Institute of Communication', 'Institute of Communication', 'Milan', 'Italy'),
(114724283, 'OpenCog Foundation', 'OpenCog Foundation', 'OpenCog Foundation', '', 'United States'),
(114766368, 'AI companies No-vamente LLC', 'AI companies No-vamente LLC', 'AI companies No-vamente LLC', '', ''),
(114916029, 'Hokkaido University, Araki Laboratory', 'Araki Laboratory', 'Araki Laboratory', 'Sapporo', 'Japan');

-- --------------------------------------------------------

--
-- Structure de la table `scopus_subject_area`
--

CREATE TABLE `scopus_subject_area` (
  `scopus_subject_area_id` int(10) UNSIGNED NOT NULL,
  `abbrev` varchar(5) COLLATE utf8_unicode_ci NOT NULL,
  `name` varchar(200) COLLATE utf8_unicode_ci NOT NULL
) ENGINE=InnoDB DEFAULT CHARSET=utf8 COLLATE=utf8_unicode_ci;

--
-- RELATIONS POUR LA TABLE `scopus_subject_area`:
--

--
-- Contenu de la table `scopus_subject_area`
--

INSERT INTO `scopus_subject_area` (`scopus_subject_area_id`, `abbrev`, `name`) VALUES
(1000, 'MULT', 'Multidisciplinary'),
(1100, 'AGRI', 'Agricultural and Biological Sciences (all)'),
(1101, 'AGRI', 'Agricultural and Biological Sciences (miscellaneous)'),
(1103, 'AGRI', 'Animal Science and Zoology'),
(1105, 'AGRI', 'Ecology, Evolution, Behavior and Systematics'),
(1106, 'AGRI', 'Food Science'),
(1110, 'AGRI', 'Plant Science'),
(1200, 'ARTS', 'Arts and Humanities (all)'),
(1201, 'ARTS', 'Arts and Humanities (miscellaneous)'),
(1202, 'ARTS', 'History'),
(1203, 'ARTS', 'Language and Linguistics'),
(1207, 'ARTS', 'History and Philosophy of Science'),
(1208, 'ARTS', 'Literature and Literary Theory'),
(1211, 'ARTS', 'Philosophy'),
(1212, 'ARTS', 'Religious Studies'),
(1213, 'ARTS', 'Visual Arts and Performing Arts'),
(1300, 'BIOC', 'Biochemistry, Genetics and Molecular Biology (all)'),
(1302, 'BIOC', 'Aging'),
(1303, 'BIOC', 'Biochemistry'),
(1304, 'BIOC', 'Biophysics'),
(1305, 'BIOC', 'Biotechnology'),
(1307, 'BIOC', 'Cell Biology'),
(1308, 'BIOC', 'Clinical Biochemistry'),
(1309, 'BIOC', 'Developmental Biology'),
(1310, 'BIOC', 'Endocrinology'),
(1311, 'BIOC', 'Genetics'),
(1312, 'BIOC', 'Molecular Biology'),
(1313, 'BIOC', 'Molecular Medicine'),
(1314, 'BIOC', 'Physiology'),
(1315, 'BIOC', 'Structural Biology'),
(1400, 'BUSI', 'Business, Management and Accounting (all)'),
(1401, 'BUSI', 'Business, Management and Accounting (miscellaneous)'),
(1403, 'BUSI', 'Business and International Management'),
(1404, 'BUSI', 'Management Information Systems'),
(1405, 'BUSI', 'Management of Technology and Innovation'),
(1406, 'BUSI', 'Marketing'),
(1408, 'BUSI', 'Strategy and Management'),
(1409, 'BUSI', 'Tourism, Leisure and Hospitality Management'),
(1502, 'CENG', 'Bioengineering'),
(1504, 'CENG', 'Chemical Health and Safety'),
(1600, 'CHEM', 'Chemistry (all)'),
(1602, 'CHEM', 'Analytical Chemistry'),
(1604, 'CHEM', 'Inorganic Chemistry'),
(1605, 'CHEM', 'Organic Chemistry'),
(1700, 'COMP', 'Computer Science (all)'),
(1701, 'COMP', 'Computer Science (miscellaneous)'),
(1702, 'COMP', 'Artificial Intelligence'),
(1703, 'COMP', 'Computational Theory and Mathematics'),
(1704, 'COMP', 'Computer Graphics and Computer-Aided Design'),
(1705, 'COMP', 'Computer Networks and Communications'),
(1706, 'COMP', 'Computer Science Applications'),
(1707, 'COMP', 'Computer Vision and Pattern Recognition'),
(1708, 'COMP', 'Hardware and Architecture'),
(1709, 'COMP', 'Human-Computer Interaction'),
(1710, 'COMP', 'Information Systems'),
(1711, 'COMP', 'Signal Processing'),
(1712, 'COMP', 'Software'),
(1800, 'DECI', 'Decision Sciences (all)'),
(1802, 'DECI', 'Information Systems and Management'),
(1803, 'DECI', 'Management Science and Operations Research'),
(1804, 'DECI', 'Statistics, Probability and Uncertainty'),
(1900, 'EART', 'Earth and Planetary Sciences (all)'),
(1904, 'EART', 'Earth-Surface Processes'),
(1910, 'EART', 'Oceanography'),
(2002, 'ECON', 'Economics and Econometrics'),
(2100, 'ENER', 'Energy (all)'),
(2102, 'ENER', 'Energy Engineering and Power Technology'),
(2200, 'ENGI', 'Engineering (all)'),
(2201, 'ENGI', 'Engineering (miscellaneous)'),
(2204, 'ENGI', 'Biomedical Engineering'),
(2206, 'ENGI', 'Computational Mechanics'),
(2207, 'ENGI', 'Control and Systems Engineering'),
(2208, 'ENGI', 'Electrical and Electronic Engineering'),
(2209, 'ENGI', 'Industrial and Manufacturing Engineering'),
(2210, 'ENGI', 'Mechanical Engineering'),
(2213, 'ENGI', 'Safety, Risk, Reliability and Quality'),
(2300, 'ENVI', 'Environmental Science (all)'),
(2303, 'ENVI', 'Ecology'),
(2306, 'ENVI', 'Global and Planetary Change'),
(2308, 'ENVI', 'Management, Monitoring, Policy and Law'),
(2400, 'IMMU', 'Immunology and Microbiology (all)'),
(2403, 'IMMU', 'Immunology'),
(2500, 'MATE', 'Materials Science (all)'),
(2504, 'MATE', 'Electronic, Optical and Magnetic Materials'),
(2505, 'MATE', 'Materials Chemistry'),
(2506, 'MATE', 'Metals and Alloys'),
(2507, 'MATE', 'Polymers and Plastics'),
(2600, 'MATH', 'Mathematics (all)'),
(2601, 'MATH', 'Mathematics (miscellaneous)'),
(2602, 'MATH', 'Algebra and Number Theory'),
(2603, 'MATH', 'Analysis'),
(2604, 'MATH', 'Applied Mathematics'),
(2605, 'MATH', 'Computational Mathematics'),
(2606, 'MATH', 'Control and Optimization'),
(2608, 'MATH', 'Geometry and Topology'),
(2609, 'MATH', 'Logic'),
(2610, 'MATH', 'Mathematical Physics'),
(2611, 'MATH', 'Modeling and Simulation'),
(2612, 'MATH', 'Numerical Analysis'),
(2613, 'MATH', 'Statistics and Probability'),
(2614, 'MATH', 'Theoretical Computer Science'),
(2700, 'MEDI', 'Medicine (all)'),
(2701, 'MEDI', 'Medicine (miscellaneous)'),
(2702, 'MEDI', 'Anatomy'),
(2703, 'MEDI', 'Anesthesiology and Pain Medicine'),
(2712, 'MEDI', 'Endocrinology, Diabetes and Metabolism'),
(2716, 'MEDI', 'Genetics (clinical)'),
(2718, 'MEDI', 'Health Informatics'),
(2719, 'MEDI', 'Health Policy'),
(2720, 'MEDI', 'Hematology'),
(2728, 'MEDI', 'Neurology (clinical)'),
(2731, 'MEDI', 'Ophthalmology'),
(2732, 'MEDI', 'Orthopedics and Sports Medicine'),
(2733, 'MEDI', 'Otorhinolaryngology'),
(2736, 'MEDI', 'Pharmacology (medical)'),
(2737, 'MEDI', 'Physiology (medical)'),
(2738, 'MEDI', 'Psychiatry and Mental Health'),
(2739, 'MEDI', 'Public Health, Environmental and Occupational Health'),
(2740, 'MEDI', 'Pulmonary and Respiratory Medicine'),
(2741, 'MEDI', 'Radiology, Nuclear Medicine and Imaging'),
(2742, 'MEDI', 'Rehabilitation'),
(2746, 'MEDI', 'Surgery'),
(2800, 'NEUR', 'Neuroscience (all)'),
(2801, 'NEUR', 'Neuroscience (miscellaneous)'),
(2802, 'NEUR', 'Behavioral Neuroscience'),
(2803, 'NEUR', 'Biological Psychiatry'),
(2804, 'NEUR', 'Cellular and Molecular Neuroscience'),
(2805, 'NEUR', 'Cognitive Neuroscience'),
(2806, 'NEUR', 'Developmental Neuroscience'),
(2808, 'NEUR', 'Neurology'),
(2809, 'NEUR', 'Sensory Systems'),
(2910, 'NURS', 'Issues, Ethics and Legal Aspects'),
(2916, 'NURS', 'Nutrition and Dietetics'),
(3000, 'PHAR', 'Pharmacology, Toxicology and Pharmaceutics (all)'),
(3002, 'PHAR', 'Drug Discovery'),
(3003, 'PHAR', 'Pharmaceutical Science'),
(3004, 'PHAR', 'Pharmacology'),
(3005, 'PHAR', 'Toxicology'),
(3100, 'PHYS', 'Physics and Astronomy (all)'),
(3101, 'PHYS', 'Physics and Astronomy (miscellaneous)'),
(3103, 'PHYS', 'Astronomy and Astrophysics'),
(3104, 'PHYS', 'Condensed Matter Physics'),
(3105, 'PHYS', 'Instrumentation'),
(3106, 'PHYS', 'Nuclear and High Energy Physics'),
(3107, 'PHYS', 'Atomic and Molecular Physics, and Optics'),
(3109, 'PHYS', 'Statistical and Nonlinear Physics'),
(3200, 'PSYC', 'Psychology (all)'),
(3201, 'PSYC', 'Psychology (miscellaneous)'),
(3202, 'PSYC', 'Applied Psychology'),
(3203, 'PSYC', 'Clinical Psychology'),
(3204, 'PSYC', 'Developmental and Educational Psychology'),
(3205, 'PSYC', 'Experimental and Cognitive Psychology'),
(3206, 'PSYC', 'Neuropsychology and Physiological Psychology'),
(3207, 'PSYC', 'Social Psychology'),
(3300, 'SOCI', 'Social Sciences (all)'),
(3301, 'SOCI', 'Social Sciences (miscellaneous)'),
(3303, 'SOCI', 'Development'),
(3304, 'SOCI', 'Education'),
(3305, 'SOCI', 'Geography, Planning and Development'),
(3308, 'SOCI', 'Law'),
(3309, 'SOCI', 'Library and Information Sciences'),
(3310, 'SOCI', 'Linguistics and Language'),
(3312, 'SOCI', 'Sociology and Political Science'),
(3315, 'SOCI', 'Communication'),
(3316, 'SOCI', 'Cultural Studies'),
(3320, 'SOCI', 'Political Science and International Relations'),
(3322, 'SOCI', 'Urban Studies'),
(3400, 'VETE', 'Veterinary (all)'),
(3500, 'DENT', 'Dentistry (all)'),
(3612, 'HEAL', 'Physical Therapy, Sports Therapy and Rehabilitation'),
(3614, 'HEAL', 'Radiological and Ultrasound Technology');

-- --------------------------------------------------------

--
-- Structure de la table `source`
--

CREATE TABLE `source` (
  `id` tinyint(3) UNSIGNED NOT NULL,
  `name` varchar(24) COLLATE utf8_unicode_ci NOT NULL
) ENGINE=InnoDB DEFAULT CHARSET=utf8 COLLATE=utf8_unicode_ci;

--
-- RELATIONS POUR LA TABLE `source`:
--

--
-- Contenu de la table `source`
--

INSERT INTO `source` (`id`, `name`) VALUES
(1, 'Google Scholar'),
(2, 'Scopus'),
(3, 'PhilPapers');

-- --------------------------------------------------------

--
-- Structure de la table `subject_area`
--

CREATE TABLE `subject_area` (
  `id` int(11) NOT NULL,
  `label` varchar(24) COLLATE utf8_unicode_ci NOT NULL
) ENGINE=InnoDB DEFAULT CHARSET=utf8 COLLATE=utf8_unicode_ci;

--
-- RELATIONS POUR LA TABLE `subject_area`:
--

--
-- Contenu de la table `subject_area`
--

INSERT INTO `subject_area` (`id`, `label`) VALUES
(1000, 'General'),
(1100, 'Agricultural and Biologi'),
(1101, 'Agricultural and Biologi'),
(1102, 'Agronomy and Crop Scienc'),
(1103, 'Animal Science and Zoolo'),
(1104, 'Aquatic Science'),
(1105, 'Ecology, Evolution, Beha'),
(1106, 'Food Science'),
(1107, 'Forestry'),
(1108, 'Horticulture'),
(1109, 'Insect Science'),
(1110, 'Plant Science'),
(1111, 'Soil Science'),
(1200, 'Arts and Humanities(all)'),
(1201, 'Arts and Humanities (mis'),
(1202, 'History'),
(1203, 'Language and Linguistics'),
(1204, 'Archaeology'),
(1205, 'Classics'),
(1206, 'Conservation'),
(1207, 'History and Philosophy o'),
(1208, 'Literature and Literary '),
(1209, 'Museology'),
(1210, 'Music'),
(1211, 'Philosophy'),
(1212, 'Religious studies'),
(1213, 'Visual Arts and Performi'),
(1300, 'Biochemistry, Genetics a'),
(1301, 'Biochemistry, Genetics a'),
(1302, 'Ageing'),
(1303, 'Biochemistry'),
(1304, 'Biophysics'),
(1305, 'Biotechnology'),
(1306, 'Cancer Research'),
(1307, 'Cell Biology'),
(1308, 'Clinical Biochemistry'),
(1309, 'Developmental Biology'),
(1310, 'Endocrinology'),
(1311, 'Genetics'),
(1312, 'Molecular Biology'),
(1313, 'Molecular Medicine'),
(1314, 'Physiology'),
(1315, 'Structural Biology'),
(1400, 'Business, Management and'),
(1401, 'Business, Management and'),
(1402, 'Accounting'),
(1403, 'Business and Internation'),
(1404, 'Management Information S'),
(1405, 'Management of Technology'),
(1406, 'Marketing'),
(1407, 'Organizational Behavior '),
(1408, 'Strategy and Management'),
(1409, 'Tourism, Leisure and Hos'),
(1410, 'Industrial relations'),
(1500, 'Chemical Engineering(all'),
(1501, 'Chemical Engineering (mi'),
(1502, 'Bioengineering'),
(1503, 'Catalysis'),
(1504, 'Chemical Health and Safe'),
(1505, 'Colloid and Surface Chem'),
(1506, 'Filtration and Separatio'),
(1507, 'Fluid Flow and Transfer '),
(1508, 'Process Chemistry and Te'),
(1600, 'Chemistry(all)'),
(1601, 'Chemistry (miscellaneous'),
(1602, 'Analytical Chemistry'),
(1603, 'Electrochemistry'),
(1604, 'Inorganic Chemistry'),
(1605, 'Organic Chemistry'),
(1606, 'Physical and Theoretical'),
(1607, 'Spectroscopy'),
(1700, 'Computer Science(all)'),
(1701, 'Computer Science (miscel'),
(1702, 'Artificial Intelligence'),
(1703, 'Computational Theory and'),
(1704, 'Computer Graphics and Co'),
(1705, 'Computer Networks and Co'),
(1706, 'Computer Science Applica'),
(1707, 'Computer Vision and Patt'),
(1708, 'Hardware and Architectur'),
(1709, 'Human-Computer Interacti'),
(1710, 'Information Systems'),
(1711, 'Signal Processing'),
(1712, 'Software'),
(1800, 'Decision Sciences(all)'),
(1801, 'Decision Sciences (misce'),
(1802, 'Information Systems and '),
(1803, 'Management Science and O'),
(1804, 'Statistics, Probability '),
(1900, 'Earth and Planetary Scie'),
(1901, 'Earth and Planetary Scie'),
(1902, 'Atmospheric Science'),
(1903, 'Computers in Earth Scien'),
(1904, 'Earth-Surface Processes'),
(1905, 'Economic Geology'),
(1906, 'Geochemistry and Petrolo'),
(1907, 'Geology'),
(1908, 'Geophysics'),
(1909, 'Geotechnical Engineering'),
(1910, 'Oceanography'),
(1911, 'Palaeontology'),
(1912, 'Space and Planetary Scie'),
(1913, 'Stratigraphy'),
(2000, 'Economics, Econometrics '),
(2001, 'Economics, Econometrics '),
(2002, 'Economics and Econometri'),
(2003, 'Finance'),
(2100, 'Energy(all)'),
(2101, 'Energy (miscellaneous)'),
(2102, 'Energy Engineering and P'),
(2103, 'Fuel Technology'),
(2104, 'Nuclear Energy and Engin'),
(2105, 'Renewable Energy, Sustai'),
(2200, 'Engineering(all)'),
(2201, 'Engineering (miscellaneo'),
(2202, 'Aerospace Engineering'),
(2203, 'Automotive Engineering'),
(2204, 'Biomedical Engineering'),
(2205, 'Civil and Structural Eng'),
(2206, 'Computational Mechanics'),
(2207, 'Control and Systems Engi'),
(2208, 'Electrical and Electroni'),
(2209, 'Industrial and Manufactu'),
(2210, 'Mechanical Engineering'),
(2211, 'Mechanics of Materials'),
(2212, 'Ocean Engineering'),
(2213, 'Safety, Risk, Reliabilit'),
(2214, 'Media Technology'),
(2215, 'Building and Constructio'),
(2216, 'Architecture '),
(2300, 'Environmental Science(al'),
(2301, 'Environmental Science (m'),
(2302, 'Ecological Modelling'),
(2303, 'Ecology'),
(2304, 'Environmental Chemistry'),
(2305, 'Environmental Engineerin'),
(2306, 'Global and Planetary Cha'),
(2307, 'Health, Toxicology and M'),
(2308, 'Management, Monitoring, '),
(2309, 'Nature and Landscape Con'),
(2310, 'Pollution'),
(2311, 'Waste Management and Dis'),
(2312, 'Water Science and Techno'),
(2400, 'Immunology and Microbiol'),
(2401, 'Immunology and Microbiol'),
(2402, 'Applied Microbiology and'),
(2403, 'Immunology'),
(2404, 'Microbiology'),
(2405, 'Parasitology'),
(2406, 'Virology'),
(2500, 'Materials Science(all)'),
(2501, 'Materials Science (misce'),
(2502, 'Biomaterials'),
(2503, 'Ceramics and Composites'),
(2504, 'Electronic, Optical and '),
(2505, 'Materials Chemistry'),
(2506, 'Metals and Alloys'),
(2507, 'Polymers and Plastics'),
(2508, 'Surfaces, Coatings and F'),
(2600, 'Mathematics(all)'),
(2601, 'Mathematics (miscellaneo'),
(2602, 'Algebra and Number Theor'),
(2603, 'Analysis'),
(2604, 'Applied Mathematics'),
(2605, 'Computational Mathematic'),
(2606, 'Control and Optimization'),
(2607, 'Discrete Mathematics and'),
(2608, 'Geometry and Topology'),
(2609, 'Logic'),
(2610, 'Mathematical Physics'),
(2611, 'Modelling and Simulation'),
(2612, 'Numerical Analysis'),
(2613, 'Statistics and Probabili'),
(2614, 'Theoretical Computer Sci'),
(2700, 'Medicine(all)'),
(2701, 'Medicine (miscellaneous)'),
(2702, 'Anatomy'),
(2703, 'Anesthesiology and Pain '),
(2704, 'Biochemistry, medical'),
(2705, 'Cardiology and Cardiovas'),
(2706, 'Critical Care and Intens'),
(2707, 'Complementary and altern'),
(2708, 'Dermatology'),
(2709, 'Drug guides'),
(2710, 'Embryology'),
(2711, 'Emergency Medicine'),
(2712, 'Endocrinology, Diabetes '),
(2713, 'Epidemiology'),
(2714, 'Family Practice'),
(2715, 'Gastroenterology'),
(2716, 'Genetics(clinical)'),
(2717, 'Geriatrics and Gerontolo'),
(2718, 'Health Informatics'),
(2719, 'Health Policy'),
(2720, 'Hematology'),
(2721, 'Hepatology'),
(2722, 'Histology'),
(2723, 'Immunology and Allergy'),
(2724, 'Internal Medicine'),
(2725, 'Infectious Diseases'),
(2726, 'Microbiology (medical)'),
(2727, 'Nephrology'),
(2728, 'Clinical Neurology'),
(2729, 'Obstetrics and Gynaecolo'),
(2730, 'Oncology'),
(2731, 'Ophthalmology'),
(2732, 'Orthopedics and Sports M'),
(2733, 'Otorhinolaryngology'),
(2734, 'Pathology and Forensic M'),
(2735, 'Pediatrics, Perinatology'),
(2736, 'Pharmacology (medical)'),
(2737, 'Physiology (medical)'),
(2738, 'Psychiatry and Mental he'),
(2739, 'Public Health, Environme'),
(2740, 'Pulmonary and Respirator'),
(2741, 'Radiology Nuclear Medici'),
(2742, 'Rehabilitation'),
(2743, 'Reproductive Medicine'),
(2744, 'Reviews and References, '),
(2745, 'Rheumatology'),
(2746, 'Surgery'),
(2747, 'Transplantation'),
(2748, 'Urology'),
(2800, 'Neuroscience(all)'),
(2801, 'Neuroscience (miscellane'),
(2802, 'Behavioral Neuroscience'),
(2803, 'Biological Psychiatry'),
(2804, 'Cellular and Molecular N'),
(2805, 'Cognitive Neuroscience'),
(2806, 'Developmental Neuroscien'),
(2807, 'Endocrine and Autonomic '),
(2808, 'Neurology'),
(2809, 'Sensory Systems'),
(2900, 'Nursing(all)'),
(2901, 'Nursing (miscellaneous)'),
(2902, 'Advanced and Specialised'),
(2903, 'Assessment and Diagnosis'),
(2904, 'Care Planning'),
(2905, 'Community and Home Care'),
(2906, 'Critical Care'),
(2907, 'Emergency'),
(2908, 'Fundamentals and skills'),
(2909, 'Gerontology'),
(2910, 'Issues, ethics and legal'),
(2911, 'Leadership and Managemen'),
(2912, 'LPN and LVN'),
(2913, 'Maternity and Midwifery'),
(2914, 'Medical?Surgical'),
(2915, 'Nurse Assisting'),
(2916, 'Nutrition and Dietetics'),
(2917, 'Oncology(nursing)'),
(2918, 'Pathophysiology'),
(2919, 'Pediatrics'),
(2920, 'Pharmacology (nursing)'),
(2921, 'Phychiatric Mental Healt'),
(2922, 'Research and Theory'),
(2923, 'Review and Exam Preparat'),
(3000, 'Pharmacology, Toxicology'),
(3001, 'Pharmacology, Toxicology'),
(3002, 'Drug Discovery'),
(3003, 'Pharmaceutical Science'),
(3004, 'Pharmacology'),
(3005, 'Toxicology'),
(3100, 'Physics and Astronomy(al'),
(3101, 'Physics and Astronomy (m'),
(3102, 'Acoustics and Ultrasonic'),
(3103, 'Astronomy and Astrophysi'),
(3104, 'Condensed Matter Physics'),
(3105, 'Instrumentation'),
(3106, 'Nuclear and High Energy '),
(3107, 'Atomic and Molecular Phy'),
(3108, 'Radiation'),
(3109, 'Statistical and Nonlinea'),
(3110, 'Surfaces and Interfaces'),
(3200, 'Psychology(all)'),
(3201, 'Psychology (miscellaneou'),
(3202, 'Applied Psychology'),
(3203, 'Clinical Psychology'),
(3204, 'Developmental and Educat'),
(3205, 'Experimental and Cogniti'),
(3206, 'Neuropsychology and Phys'),
(3207, 'Social Psychology'),
(3300, 'Social Sciences(all)'),
(3301, 'Social Sciences (miscell'),
(3302, 'Archaeology'),
(3303, 'Development'),
(3304, 'Education'),
(3305, 'Geography, Planning and '),
(3306, 'Health(social science)'),
(3307, 'Human Factors and Ergono'),
(3308, 'Law'),
(3309, 'Library and Information '),
(3310, 'Linguistics and Language'),
(3311, 'Safety Research'),
(3312, 'Sociology and Political '),
(3313, 'Transportation'),
(3314, 'Anthropology'),
(3315, 'Communication'),
(3316, 'Cultural Studies'),
(3317, 'Demography'),
(3318, 'Gender Studies'),
(3319, 'Life-span and Life-cours'),
(3320, 'Political Science and In'),
(3321, 'Public Administration'),
(3322, 'Urban Studies'),
(3400, 'veterinary(all)'),
(3401, 'veterinary (miscalleneou'),
(3402, 'Equine'),
(3403, 'Food Animals'),
(3404, 'Small Animals'),
(3500, 'Dentistry(all)'),
(3501, 'Dentistry (miscellaneous'),
(3502, 'Dental Assisting'),
(3503, 'Dental Hygiene'),
(3504, 'Oral Surgery'),
(3505, 'Orthodontics'),
(3506, 'Periodontics'),
(3600, 'Health Professions(all)'),
(3601, 'Health Professions (misc'),
(3602, 'Chiropractics'),
(3603, 'Complementary and Manual'),
(3604, 'Emergency Medical Servic'),
(3605, 'Health Information Manag'),
(3606, 'Medical Assisting and Tr'),
(3607, 'Medical Laboratory Techn'),
(3608, 'Medical Terminology'),
(3609, 'Occupational Therapy'),
(3610, 'Optometry'),
(3611, 'Pharmacy'),
(3612, 'Physical Therapy, Sports'),
(3613, 'Podiatry'),
(3614, 'Radiological and Ultraso'),
(3615, 'Respiratory Care'),
(3616, 'Speech and Hearing');

-- --------------------------------------------------------

--
-- Structure de la table `test`
--

CREATE TABLE `test` (
  `id` int(10) UNSIGNED NOT NULL,
  `selected` tinyint(1) NOT NULL,
  `created` year(4) NOT NULL DEFAULT '0000',
  `name` varchar(48) CHARACTER SET utf8 DEFAULT NULL,
  `explicit` tinyint(1) DEFAULT NULL,
  `model_testing` tinyint(1) DEFAULT NULL,
  `model_name` varchar(48) CHARACTER SET utf8 DEFAULT NULL,
  `architecture` tinyint(1) NOT NULL,
  `behavior` tinyint(1) NOT NULL,
  `stronger_than_turing` tinyint(1) NOT NULL,
  `turing_variant` tinyint(1) DEFAULT NULL,
  `turing_derivative` tinyint(1) NOT NULL,
  `verbal_text` tinyint(1) DEFAULT NULL,
  `communication` tinyint(1) NOT NULL DEFAULT '0',
  `human_evaluation` tinyint(1) DEFAULT NULL,
  `human_design` tinyint(1) NOT NULL,
  `human_results` int(11) NOT NULL,
  `numerical measure` tinyint(1) DEFAULT NULL,
  `suits` set('anything','computers','robots','humans','animals','') COLLATE utf8_unicode_ci NOT NULL,
  `details` varchar(255) CHARACTER SET utf8 COLLATE utf8_bin NOT NULL
) ENGINE=InnoDB DEFAULT CHARSET=utf8 COLLATE=utf8_unicode_ci;

--
-- RELATIONS POUR LA TABLE `test`:
--

--
-- Contenu de la table `test`
--

INSERT INTO `test` (`id`, `selected`, `created`, `name`, `explicit`, `model_testing`, `model_name`, `architecture`, `behavior`, `stronger_than_turing`, `turing_variant`, `turing_derivative`, `verbal_text`, `communication`, `human_evaluation`, `human_design`, `human_results`, `numerical measure`, `suits`, `details`) VALUES
(1, 1, 2004, 'Phi', 1, 1, 'IIT', 1, 0, 0, 0, 0, 0, 0, 1, 1, 0, 1, 'anything', ''),
(2, 1, 2009, 'PCT', 1, 0, '', 0, 1, 0, 1, 1, 0, 1, 1, 1, 0, 0, 'computers,robots,humans', 'P-Consciousness Test'),
(3, 0, 2008, 'Quantum Opting', 1, 0, '', 1, 0, 0, 0, 0, 0, 0, 1, 1, 0, 0, 'anything', 'doesn''t formulate a practical implementation - argues for a protomental consc. at the quantum level'),
(5, 1, 2012, 'Q3T', 1, 0, '', 0, 1, 1, 1, 1, 1, 1, 1, 1, 1, 0, 'computers,robots,humans', 'Qualia Turing Test'),
(6, 0, 2007, 'HOST', 0, 1, 'HOST', 1, 0, 0, 0, 1, 0, 1, 1, 1, 0, 0, 'anything', 'no practical implementation of the test is proposed; sufficient conditions for consciousness are given.'),
(7, 1, 2007, 'Haikonen Mirror Test', 1, 0, '', 1, 0, 0, 1, 1, 1, 0, 1, 1, 1, 0, 'computers,robots', ''),
(8, 0, 1970, 'Mirror Test', 1, 0, '', 0, 1, 0, 0, 1, 0, 0, 1, 0, 1, 0, 'computers,robots,humans,animals', 'developed in 1970 by psychologist Gordon Gallup Jr.'),
(9, 0, 1950, 'Turing Test', 1, 0, NULL, 0, 1, 0, 1, 1, 1, 0, 1, 0, 1, 0, 'computers,robots,humans', ''),
(11, 1, 2012, 'Cross-Examination', 1, 0, NULL, 1, 1, 0, 1, 1, 1, 1, 1, 1, 1, 0, 'computers,robots', 'ask the machine if it is sentient'),
(12, 1, 2008, 'KTT', 1, 0, NULL, 0, 1, 0, 0, 0, 0, 0, 1, 1, 0, 0, 'computers,robots,humans', 'Wrong picture'),
(14, 1, 2008, 'ConsScale', 1, 1, 'Abstract Architecture', 1, 1, 0, 0, 1, 0, 0, 1, 1, 1, 1, 'computers,robots,humans,animals', ''),
(15, 1, 2008, 'Psy-D Filter', 1, 1, 'Machine Psychodynamics (M Psy D)', 0, 1, 0, 0, 0, 0, 0, 1, 1, 0, 0, 'computers,robots', ''),
(16, 0, 2007, 'Haikonen Consciousness Test', 1, 0, NULL, 1, 1, 0, 0, 1, 1, 0, 1, 0, 1, 0, 'computers,robots', 'Grounded inner speech + mental imagery'),
(17, 1, 2003, '5 Axioms', 1, 1, 'Kernel Architecture', 1, 0, 0, 0, 1, 0, 0, 1, 1, 1, 0, 'computers,robots,humans,animals', ''),
(18, 1, 2005, 'OMC Scale', 1, 0, NULL, 1, 0, 0, 0, 0, 0, 0, 1, 1, 0, 1, 'computers,robots,humans', ''),
(19, 1, 2014, 'Human-Like Conscious Access', 1, 1, 'Unified Model of Human-Like Consciousness', 1, 0, 0, 0, 0, 0, 0, 1, 1, 0, 1, 'anything', ''),
(20, 1, 2010, 'Robot Philosopher', 1, 0, NULL, 0, 1, 1, 1, 1, 1, 1, 1, 0, 1, 0, 'robots', ''),
(21, 0, 1991, 'Total Turing Test', 1, 0, NULL, 0, 1, 1, 1, 1, 0, 1, 1, 0, 1, 0, 'robots', ''),
(22, 1, 2001, 'Lovelace Test', 1, 0, NULL, 1, 0, 0, 1, 1, 0, 1, 1, 1, 1, 0, 'computers,robots', ''),
(23, 1, 2007, 'Insight Learning', 1, 0, NULL, 0, 1, 0, 0, 1, 0, 0, 1, 1, 1, 0, 'computers,robots', ''),
(24, 1, 2012, 'Jazz Improvisation', 1, 0, NULL, 1, 1, 0, 1, 1, 0, 1, 1, 0, 1, 0, 'computers,robots', '');

--
-- Index pour les tables exportées
--

--
-- Index pour la table `affiliated`
--
ALTER TABLE `affiliated`
  ADD PRIMARY KEY (`au_id`,`in_id`,`type`);

--
-- Index pour la table `authors`
--
ALTER TABLE `authors`
  ADD PRIMARY KEY (`id`),
  ADD UNIQUE KEY `name` (`name`),
  ADD UNIQUE KEY `scopus_author_id` (`scopus_author_id`),
  ADD KEY `scopus_author_id_2` (`scopus_author_id`);

--
-- Index pour la table `author_asjc`
--
ALTER TABLE `author_asjc`
  ADD PRIMARY KEY (`au_id`,`code`),
  ADD KEY `fk_author_asjc_code` (`code`);

--
-- Index pour la table `author_bg`
--
ALTER TABLE `author_bg`
  ADD PRIMARY KEY (`author_id`,`id`);

--
-- Index pour la table `author_bg-field`
--
ALTER TABLE `author_bg-field`
  ADD PRIMARY KEY (`author_id`,`author_bg_id`,`field_id`),
  ADD KEY `field_id` (`field_id`),
  ADD KEY `subj_area` (`subj_area`);

--
-- Index pour la table `cited_by`
--
ALTER TABLE `cited_by`
  ADD PRIMARY KEY (`cited_pid`,`by_pid`),
  ADD KEY `fk_citedby_pid_by` (`by_pid`);

--
-- Index pour la table `distinct_author_classification`
--
ALTER TABLE `distinct_author_classification`
  ADD PRIMARY KEY (`scopus_author_id`,`scopus_subject_area_id`,`frequency`),
  ADD KEY `FKdistinct_author_classification_ibfk_1` (`scopus_subject_area_id`);

--
-- Index pour la table `features`
--
ALTER TABLE `features`
  ADD PRIMARY KEY (`id`),
  ADD UNIQUE KEY `name_2` (`name`),
  ADD KEY `id` (`id`,`name`);

--
-- Index pour la table `features-global_features`
--
ALTER TABLE `features-global_features`
  ADD PRIMARY KEY (`f_id`,`g_id`),
  ADD KEY `features-global_features_ibfk_2` (`g_id`);

--
-- Index pour la table `feature_paper`
--
ALTER TABLE `feature_paper`
  ADD PRIMARY KEY (`f_id`,`p_id`),
  ADD KEY `p_id` (`p_id`);

--
-- Index pour la table `field`
--
ALTER TABLE `field`
  ADD PRIMARY KEY (`id`);

--
-- Index pour la table `field_parent`
--
ALTER TABLE `field_parent`
  ADD PRIMARY KEY (`parent-id`,`child-id`),
  ADD KEY `field-child_ibfk_1` (`child-id`);

--
-- Index pour la table `global_features`
--
ALTER TABLE `global_features`
  ADD PRIMARY KEY (`id`),
  ADD UNIQUE KEY `label` (`label`),
  ADD KEY `id` (`id`,`label`);

--
-- Index pour la table `institution`
--
ALTER TABLE `institution`
  ADD PRIMARY KEY (`id`);

--
-- Index pour la table `papers`
--
ALTER TABLE `papers`
  ADD PRIMARY KEY (`id`),
  ADD UNIQUE KEY `title` (`title`);

--
-- Index pour la table `paper_author`
--
ALTER TABLE `paper_author`
  ADD KEY `au_id` (`au_id`),
  ADD KEY `p_id` (`p_id`);

--
-- Index pour la table `paper_source`
--
ALTER TABLE `paper_source`
  ADD PRIMARY KEY (`paper_id`,`source_id`),
  ADD KEY `paper-source_ibfk_2` (`source_id`);

--
-- Index pour la table `paper_test`
--
ALTER TABLE `paper_test`
  ADD PRIMARY KEY (`paper_id`,`test_id`),
  ADD KEY `fk_test_id` (`test_id`);

--
-- Index pour la table `postulated_tested_features`
--
ALTER TABLE `postulated_tested_features`
  ADD PRIMARY KEY (`t_id`);

--
-- Index pour la table `postulated_tested_features_by_paper`
--
ALTER TABLE `postulated_tested_features_by_paper`
  ADD PRIMARY KEY (`p_id`);

--
-- Index pour la table `scopus_asjc`
--
ALTER TABLE `scopus_asjc`
  ADD PRIMARY KEY (`code`);

--
-- Index pour la table `scopus_author_institution`
--
ALTER TABLE `scopus_author_institution`
  ADD PRIMARY KEY (`scopus_author_id`,`scopus_institution_id`);

--
-- Index pour la table `scopus_institution_profile`
--
ALTER TABLE `scopus_institution_profile`
  ADD PRIMARY KEY (`id`);

--
-- Index pour la table `scopus_subject_area`
--
ALTER TABLE `scopus_subject_area`
  ADD PRIMARY KEY (`scopus_subject_area_id`);

--
-- Index pour la table `source`
--
ALTER TABLE `source`
  ADD PRIMARY KEY (`id`);

--
-- Index pour la table `subject_area`
--
ALTER TABLE `subject_area`
  ADD PRIMARY KEY (`id`);

--
-- Index pour la table `test`
--
ALTER TABLE `test`
  ADD PRIMARY KEY (`id`);

--
-- AUTO_INCREMENT pour les tables exportées
--

--
-- AUTO_INCREMENT pour la table `authors`
--
ALTER TABLE `authors`
  MODIFY `id` int(10) UNSIGNED NOT NULL AUTO_INCREMENT, AUTO_INCREMENT=54;
--
-- AUTO_INCREMENT pour la table `features`
--
ALTER TABLE `features`
  MODIFY `id` int(10) UNSIGNED NOT NULL AUTO_INCREMENT, AUTO_INCREMENT=106;
--
-- AUTO_INCREMENT pour la table `field`
--
ALTER TABLE `field`
  MODIFY `id` int(10) UNSIGNED NOT NULL AUTO_INCREMENT, AUTO_INCREMENT=5;
--
-- AUTO_INCREMENT pour la table `global_features`
--
ALTER TABLE `global_features`
  MODIFY `id` int(10) UNSIGNED NOT NULL AUTO_INCREMENT, AUTO_INCREMENT=14;
--
-- AUTO_INCREMENT pour la table `institution`
--
ALTER TABLE `institution`
  MODIFY `id` int(10) UNSIGNED NOT NULL AUTO_INCREMENT, AUTO_INCREMENT=7;
--
-- AUTO_INCREMENT pour la table `papers`
--
ALTER TABLE `papers`
  MODIFY `id` int(10) UNSIGNED NOT NULL AUTO_INCREMENT, AUTO_INCREMENT=49;
--
-- AUTO_INCREMENT pour la table `source`
--
ALTER TABLE `source`
  MODIFY `id` tinyint(3) UNSIGNED NOT NULL AUTO_INCREMENT, AUTO_INCREMENT=4;
--
-- AUTO_INCREMENT pour la table `test`
--
ALTER TABLE `test`
  MODIFY `id` int(10) UNSIGNED NOT NULL AUTO_INCREMENT, AUTO_INCREMENT=25;
--
-- Contraintes pour les tables exportées
--

--
-- Contraintes pour la table `author_asjc`
--
ALTER TABLE `author_asjc`
  ADD CONSTRAINT `fk_author_asjc_auid` FOREIGN KEY (`au_id`) REFERENCES `authors` (`id`) ON DELETE CASCADE ON UPDATE CASCADE,
  ADD CONSTRAINT `fk_author_asjc_code` FOREIGN KEY (`code`) REFERENCES `scopus_asjc` (`code`) ON DELETE CASCADE ON UPDATE CASCADE;

--
-- Contraintes pour la table `author_bg`
--
ALTER TABLE `author_bg`
  ADD CONSTRAINT `author_bg_ibfk_1` FOREIGN KEY (`author_id`) REFERENCES `authors` (`id`) ON DELETE CASCADE ON UPDATE CASCADE;

--
-- Contraintes pour la table `author_bg-field`
--
ALTER TABLE `author_bg-field`
  ADD CONSTRAINT `author_bg-field_ibfk_1` FOREIGN KEY (`field_id`) REFERENCES `field` (`id`),
  ADD CONSTRAINT `author_bg_fk` FOREIGN KEY (`author_id`,`author_bg_id`) REFERENCES `author_bg` (`author_id`, `id`);

--
-- Contraintes pour la table `cited_by`
--
ALTER TABLE `cited_by`
  ADD CONSTRAINT `fk_citedby_pid_by` FOREIGN KEY (`by_pid`) REFERENCES `papers` (`id`) ON DELETE CASCADE ON UPDATE CASCADE,
  ADD CONSTRAINT `fk_citedby_pid_cited` FOREIGN KEY (`cited_pid`) REFERENCES `papers` (`id`) ON DELETE CASCADE ON UPDATE CASCADE;

--
-- Contraintes pour la table `distinct_author_classification`
--
ALTER TABLE `distinct_author_classification`
  ADD CONSTRAINT `FKdistinct_author_classification_ibfk_1` FOREIGN KEY (`scopus_subject_area_id`) REFERENCES `scopus_subject_area` (`scopus_subject_area_id`) ON DELETE CASCADE ON UPDATE CASCADE;

--
-- Contraintes pour la table `features-global_features`
--
ALTER TABLE `features-global_features`
  ADD CONSTRAINT `features-global_features_ibfk_1` FOREIGN KEY (`f_id`) REFERENCES `features` (`id`) ON DELETE CASCADE ON UPDATE CASCADE,
  ADD CONSTRAINT `features-global_features_ibfk_2` FOREIGN KEY (`g_id`) REFERENCES `global_features` (`id`) ON DELETE CASCADE ON UPDATE CASCADE;

--
-- Contraintes pour la table `feature_paper`
--
ALTER TABLE `feature_paper`
  ADD CONSTRAINT `feature_paper_ibfk_1` FOREIGN KEY (`f_id`) REFERENCES `features` (`id`) ON DELETE CASCADE ON UPDATE CASCADE,
  ADD CONSTRAINT `feature_paper_ibfk_2` FOREIGN KEY (`p_id`) REFERENCES `papers` (`id`) ON DELETE CASCADE ON UPDATE CASCADE;

--
-- Contraintes pour la table `field_parent`
--
ALTER TABLE `field_parent`
  ADD CONSTRAINT `field-child_ibfk_1` FOREIGN KEY (`child-id`) REFERENCES `field` (`id`) ON DELETE CASCADE ON UPDATE CASCADE,
  ADD CONSTRAINT `field_parent_ibfk_1` FOREIGN KEY (`parent-id`) REFERENCES `field` (`id`) ON DELETE CASCADE ON UPDATE CASCADE;

--
-- Contraintes pour la table `paper_author`
--
ALTER TABLE `paper_author`
  ADD CONSTRAINT `paper_author_ibfk_1` FOREIGN KEY (`au_id`) REFERENCES `authors` (`id`) ON DELETE CASCADE ON UPDATE CASCADE,
  ADD CONSTRAINT `paper_author_ibfk_2` FOREIGN KEY (`p_id`) REFERENCES `papers` (`id`) ON DELETE CASCADE ON UPDATE CASCADE;

--
-- Contraintes pour la table `paper_source`
--
ALTER TABLE `paper_source`
  ADD CONSTRAINT `paper_source_ibfk_1` FOREIGN KEY (`paper_id`) REFERENCES `papers` (`id`) ON DELETE CASCADE ON UPDATE CASCADE,
  ADD CONSTRAINT `paper_source_ibfk_2` FOREIGN KEY (`source_id`) REFERENCES `source` (`id`) ON DELETE CASCADE ON UPDATE CASCADE;

--
-- Contraintes pour la table `paper_test`
--
ALTER TABLE `paper_test`
  ADD CONSTRAINT `fk_paper_id` FOREIGN KEY (`paper_id`) REFERENCES `papers` (`id`) ON DELETE CASCADE ON UPDATE CASCADE,
  ADD CONSTRAINT `fk_test_id` FOREIGN KEY (`test_id`) REFERENCES `test` (`id`) ON DELETE CASCADE ON UPDATE CASCADE;

--
-- Contraintes pour la table `postulated_tested_features`
--
ALTER TABLE `postulated_tested_features`
  ADD CONSTRAINT `postulated_tested_features_ibfk_1` FOREIGN KEY (`t_id`) REFERENCES `test` (`id`) ON DELETE CASCADE ON UPDATE CASCADE;

--
-- Contraintes pour la table `postulated_tested_features_by_paper`
--
ALTER TABLE `postulated_tested_features_by_paper`
  ADD CONSTRAINT `postulated_tested_features_by_paper_ibfk_1` FOREIGN KEY (`p_id`) REFERENCES `papers` (`id`) ON DELETE CASCADE ON UPDATE CASCADE;

/*!40101 SET CHARACTER_SET_CLIENT=@OLD_CHARACTER_SET_CLIENT */;
/*!40101 SET CHARACTER_SET_RESULTS=@OLD_CHARACTER_SET_RESULTS */;
/*!40101 SET COLLATION_CONNECTION=@OLD_COLLATION_CONNECTION */;
